"Id";"Designator";"Package";"Quantity";"Designation";"Supplier and ref";
1;"H1,H2,H3,H4";"MountingHole_2.2mm_M2";4;"MountingHole";;;
2;"TP101,TP102,TP103,TP104,TP105,TP106,TP107,TP108,TP109,TP110,TP111,TP112,TP113,TP114,TP115,TP116,TP117,TP118,TP119,TP120,TP121,TP122,TP123,TP124,TP125,TP126,TP127,TP128,TP129,TP130,TP131,TP132,TP201,TP202,TP203,TP204,TP205,TP206,TP207,TP208,TP209,TP210,TP211,TP212,TP213,TP214,TP215,TP216,TP217,TP218,TP219,TP220,TP221,TP222,TP223,TP224,TP225,TP226,TP227,TP228,TP229,TP230,TP231,TP232";"TestPoint_Pad_4.0x4.0mm";64;"TestPoint_Small";;;
3;"J101,J102";"SMA_Amphenol_132134-10_Vertical";2;"Conn_Coaxial";;;
4;"TPAGND1";"TestPoint_Pad_1.0x1.0mm";1;"TestPoint_Small";;;
5;"JP4";"SolderJumper-3_P1.3mm_Bridged2Bar12_Pad1.0x1.5mm_NumberLabels";1;"Jumper_NC_Dual";;;
6;"PmodM1";"PinHeader_2x06_P2.54mm_Vertical_SMD_TopBottom";1;"Conn_02x06_Top_Bottom";;;
7;"PmodF2";"PinHeader_2x06_P2.54mm_Vertical_SMD_TopBottom_Mirrored";1;"Conn_02x06_Top_Bottom";;;
8;"U101,U102";"TQFP-48_7x7mm_P0.5mm";2;"ADG731";;;
9;"JP5";"SolderJumper-2_P1.3mm_Bridged_RoundedPad1.0x1.5mm";1;"SolderJumper_2_Bridged";;;
10;"C1,C2";"C_1206_3216Metric_Pad1.42x1.75mm_HandSolder";2;"100 nF";;;
