Frequency (Hz),Channel 1 Magnitude (V)
41000,0.048281
41034.1,0.0482283
41068.3,0.048073
41102.5,0.0480883
41136.7,0.0479137
41171,0.0479008
41205.3,0.0478497
41239.6,0.047749
41273.9,0.0478513
41308.3,0.0478567
41342.7,0.0478866
41377.1,0.0477531
41411.5,0.047791
41446,0.0476619
41480.5,0.0477871
41515.1,0.0478027
41549.6,0.0476488
41584.2,0.0479321
41618.9,0.0477204
41653.5,0.0478163
41688.2,0.0476797
41722.9,0.0478294
41757.6,0.047859
41792.4,0.0477824
41827.2,0.0477288
41862,0.04771
41896.9,0.0475512
41931.8,0.0477097
41966.7,0.0478404
42001.6,0.0477772
42036.6,0.0477667
42071.6,0.0478374
42106.6,0.0478365
42141.7,0.047873
42176.8,0.0477061
42211.9,0.0478215
42247.1,0.047725
42282.2,0.0477808
42317.4,0.0478293
42352.7,0.0479023
42387.9,0.0477166
42423.2,0.0477186
42458.6,0.0476683
42493.9,0.0478026
42529.3,0.0477408
42564.7,0.0478149
42600.2,0.0478163
42635.6,0.0479579
42671.1,0.0477533
42706.7,0.0477451
42742.2,0.0477262
42777.8,0.0478331
42813.4,0.0478427
42849.1,0.0476061
42884.7,0.0478371
42920.5,0.0477671
42956.2,0.047725
42992,0.0477393
43027.8,0.0478387
43063.6,0.0477423
43099.4,0.0478347
43135.3,0.0479445
43171.2,0.0477512
43207.2,0.0477747
43243.2,0.0479035
43279.2,0.0479438
43315.2,0.0479387
43351.3,0.0480268
43387.4,0.0479206
43423.5,0.0479524
43459.7,0.0479789
43495.8,0.0478329
43532.1,0.0479732
43568.3,0.0479064
43604.6,0.0480685
43640.9,0.0479986
43677.2,0.0479632
43713.6,0.0478813
43750,0.0480792
43786.4,0.048065
43822.9,0.0480456
43859.4,0.0480095
43895.9,0.0480711
43932.4,0.0481145
43969,0.047961
44005.6,0.0479748
44042.3,0.0478334
44078.9,0.0479925
44115.6,0.0480337
44152.4,0.0479975
44189.1,0.0480519
44225.9,0.0482108
44262.8,0.0480511
44299.6,0.048131
44336.5,0.048072
44373.4,0.0481859
44410.4,0.0483518
44447.3,0.0482458
44484.3,0.0481936
44521.4,0.0481708
44558.5,0.0482336
44595.6,0.0482815
44632.7,0.0482792
44669.9,0.048219
44707.1,0.0482249
44744.3,0.0481121
44781.5,0.0481789
44818.8,0.0482806
44856.1,0.0481856
44893.5,0.0480454
44930.9,0.0481442
44968.3,0.0481245
45005.7,0.0481029
45043.2,0.0482615
45080.7,0.0480952
45118.2,0.0481649
45155.8,0.0482224
45193.4,0.0482749
45231,0.0480555
45268.7,0.0481721
45306.4,0.0481025
45344.1,0.0481312
45381.9,0.0482782
45419.7,0.0481859
45457.5,0.0480508
45495.3,0.0481593
45533.2,0.0481794
45571.1,0.0482074
45609.1,0.0481107
45647,0.0482503
45685,0.0482014
45723.1,0.0481299
45761.2,0.0481045
45799.3,0.048339
45837.4,0.0481414
45875.6,0.0482131
45913.8,0.0481887
45952,0.0481283
45990.3,0.0482583
46028.5,0.0481646
46066.9,0.0480934
46105.2,0.0481186
46143.6,0.0479737
46182,0.0481014
46220.5,0.0480309
46259,0.0481234
46297.5,0.0480437
46336,0.0481001
46374.6,0.0481883
46413.2,0.0481807
46451.9,0.0482417
46490.6,0.0482302
46529.3,0.0482373
46568,0.0481912
46606.8,0.0480993
46645.6,0.0481786
46684.4,0.0483098
46723.3,0.0481697
46762.2,0.0481987
46801.1,0.0481671
46840.1,0.0480397
46879.1,0.0482351
46918.2,0.0482447
46957.2,0.0483036
46996.3,0.0481862
47035.4,0.0481314
47074.6,0.0481269
47113.8,0.0481329
47153,0.0482749
47192.3,0.0480957
47231.6,0.0482618
47270.9,0.0481255
47310.3,0.0482204
47349.7,0.0481691
47389.1,0.0481524
47428.6,0.0482326
47468,0.048141
47507.6,0.0480913
47547.1,0.0480215
47586.7,0.048058
47626.3,0.0481052
47666,0.0481387
47705.7,0.0481437
47745.4,0.0481612
47785.2,0.048193
47825,0.0481874
47864.8,0.0481144
47904.6,0.0481458
47944.5,0.048175
47984.4,0.0483965
48024.4,0.0482127
48064.4,0.048298
48104.4,0.0482477
48144.5,0.0482796
48184.5,0.0481364
48224.7,0.0483639
48264.8,0.048293
48305,0.04836
48345.2,0.0481487
48385.5,0.0481002
48425.8,0.0483322
48466.1,0.0482945
48506.4,0.0481806
48546.8,0.0481431
48587.3,0.0483088
48627.7,0.0483193
48668.2,0.0483825
48708.7,0.0482977
48749.3,0.0482431
48789.9,0.0482682
48830.5,0.0481727
48871.2,0.0483357
48911.8,0.0483588
48952.6,0.0483098
48993.3,0.0482002
49034.1,0.0484376
49075,0.0481789
49115.8,0.0484792
49156.7,0.0481953
49197.6,0.0482331
49238.6,0.0483716
49279.6,0.0483079
49320.6,0.0482403
49361.7,0.0483182
49402.8,0.0483609
49443.9,0.0482387
49485.1,0.0483002
49526.3,0.0483187
49567.6,0.0481931
49608.8,0.048459
49650.1,0.0481156
49691.5,0.0482822
49732.8,0.0482124
49774.3,0.0482772
49815.7,0.0482421
49857.2,0.0483157
49898.7,0.0483104
49940.2,0.0482971
49981.8,0.0482797
50023.4,0.0482548
50065.1,0.048299
50106.8,0.0484072
50148.5,0.0483947
50190.3,0.0481958
50232,0.0483578
50273.9,0.0480841
50315.7,0.0482236
50357.6,0.0482963
50399.6,0.0482562
50441.5,0.0482923
50483.5,0.0482294
50525.6,0.0482157
50567.6,0.0483272
50609.7,0.0482371
50651.9,0.0482465
50694,0.0483397
50736.3,0.0483323
50778.5,0.0484589
50820.8,0.0482973
50863.1,0.0482478
50905.5,0.0484263
50947.8,0.0483755
50990.3,0.0483501
51032.7,0.0484075
51075.2,0.0483808
51117.7,0.0485445
51160.3,0.0482138
51202.9,0.0484855
51245.5,0.0483091
51288.2,0.0483017
51330.9,0.048369
51373.6,0.0483998
51416.4,0.0484808
51459.2,0.0483351
51502.1,0.0483639
51545,0.0482349
51587.9,0.0482331
51630.8,0.048301
51673.8,0.0484195
51716.9,0.0483437
51759.9,0.0482784
51803,0.0482945
51846.1,0.0483859
51889.3,0.0483563
51932.5,0.0482777
51975.8,0.0483728
52019,0.04841
52062.4,0.0483377
52105.7,0.0483953
52149.1,0.0483904
52192.5,0.0485073
52236,0.04833
52279.5,0.0485222
52323,0.048332
52366.6,0.0483331
52410.2,0.0485163
52453.8,0.04833
52497.5,0.0482638
52541.2,0.0482568
52584.9,0.0484296
52628.7,0.0482868
52672.5,0.0482882
52716.4,0.0484187
52760.3,0.0483084
52804.2,0.0483562
52848.2,0.0484252
52892.2,0.0483515
52936.2,0.0483156
52980.3,0.048336
53024.4,0.048309
53068.6,0.0482448
53112.8,0.0482162
53157,0.0484973
53201.2,0.0482449
53245.5,0.0483633
53289.9,0.0483073
53334.3,0.0482699
53378.7,0.0482888
53423.1,0.0481362
53467.6,0.0483964
53512.1,0.0482128
53556.7,0.0485862
53601.3,0.0482523
53645.9,0.0483103
53690.6,0.0484914
53735.3,0.04838
53780,0.0483833
53824.8,0.0485665
53869.6,0.0482714
53914.5,0.0483264
53959.3,0.0481683
54004.3,0.048496
54049.2,0.0484537
54094.2,0.0483002
54139.3,0.0484366
54184.4,0.0481542
54229.5,0.0481682
54274.6,0.0482468
54319.8,0.0482275
54365.1,0.0484087
54410.3,0.0485281
54455.6,0.0484107
54501,0.0483981
54546.4,0.0483338
54591.8,0.0484885
54637.2,0.0485237
54682.7,0.0485931
54728.3,0.0484438
54773.8,0.0483517
54819.4,0.0484102
54865.1,0.0482314
54910.8,0.048463
54956.5,0.0484565
55002.2,0.0484528
55048,0.0482344
55093.9,0.0483331
55139.7,0.0483748
55185.7,0.0483621
55231.6,0.0483134
55277.6,0.0483038
55323.6,0.048502
55369.7,0.0482355
55415.8,0.048419
55461.9,0.048422
55508.1,0.0483232
55554.3,0.0484628
55600.6,0.0485441
55646.9,0.0484342
55693.2,0.0484701
55739.6,0.0483906
55786,0.0484161
55832.5,0.0484286
55878.9,0.0485026
55925.5,0.0483585
55972,0.048509
56018.6,0.0484043
56065.3,0.0483414
56112,0.0483323
56158.7,0.0483428
56205.4,0.0484514
56252.2,0.0483384
56299.1,0.0482321
56346,0.0482984
56392.9,0.0482757
56439.8,0.0482685
56486.8,0.0480542
56533.9,0.04834
56580.9,0.0484295
56628,0.0482301
56675.2,0.0485796
56722.4,0.0481877
56769.6,0.0483128
56816.9,0.0483604
56864.2,0.0481292
56911.5,0.048401
56958.9,0.0484685
57006.4,0.0485217
57053.8,0.0483015
57101.3,0.0484563
57148.9,0.0484327
57196.5,0.0485201
57244.1,0.0486255
57291.7,0.048731
57339.4,0.0482148
57387.2,0.048164
57435,0.0483811
57482.8,0.048385
57530.7,0.0483477
57578.6,0.0484258
57626.5,0.0482124
57674.5,0.0484941
57722.5,0.0487265
57770.6,0.0483149
57818.7,0.0483329
57866.8,0.0482409
57915,0.0484766
57963.2,0.0484705
58011.5,0.0482649
58059.8,0.0484305
58108.1,0.0484656
58156.5,0.0482626
58204.9,0.0483199
58253.4,0.0485903
58301.9,0.0482329
58350.5,0.0483457
58399,0.0482053
58447.7,0.0483376
58496.3,0.0482033
58545,0.0485081
58593.8,0.0483787
58642.6,0.048327
58691.4,0.0485124
58740.3,0.0482012
58789.2,0.0483774
58838.1,0.0485247
58887.1,0.0483445
58936.2,0.0483045
58985.2,0.0486335
59034.3,0.0484548
59083.5,0.0485276
59132.7,0.0484497
59181.9,0.0484609
59231.2,0.048405
59280.5,0.0486353
59329.9,0.0480907
59379.3,0.0484568
59428.7,0.0483589
59478.2,0.0482505
59527.7,0.0481705
59577.3,0.048443
59626.9,0.0484478
59676.6,0.0482456
59726.2,0.0485273
59776,0.0482692
59825.7,0.0483354
59875.6,0.048389
59925.4,0.0483174
59975.3,0.0482426
60025.3,0.0481899
60075.2,0.0482237
60125.3,0.0483932
60175.3,0.0484806
60225.4,0.0483686
60275.6,0.0483381
60325.8,0.0484287
60376,0.0485203
60426.3,0.0484653
60476.6,0.0482277
60526.9,0.048085
60577.3,0.0486834
60627.8,0.0487157
60678.2,0.0483585
60728.8,0.0483791
60779.3,0.0482506
60829.9,0.0484686
60880.6,0.0482033
60931.3,0.0485748
60982,0.0484314
61032.8,0.0484791
61083.6,0.0484271
61134.5,0.0482468
61185.4,0.0483941
61236.3,0.0482838
61287.3,0.0482193
61338.3,0.0481634
61389.4,0.0485444
61440.5,0.0483553
61491.7,0.0483629
61542.9,0.0484483
61594.1,0.0483706
61645.4,0.0483404
61696.7,0.0481691
61748.1,0.0482319
61799.5,0.0485661
61851,0.0483661
61902.5,0.0483766
61954,0.0484064
62005.6,0.0486859
62057.2,0.0483387
62108.9,0.0485944
62160.6,0.0485946
62212.4,0.0486255
62264.2,0.0481637
62316,0.048028
62367.9,0.0483949
62419.9,0.048156
62471.8,0.0486223
62523.8,0.0486657
62575.9,0.0485269
62628,0.0479982
62680.2,0.048132
62732.3,0.0482629
62784.6,0.0481853
62836.9,0.0488082
62889.2,0.0484049
62941.5,0.0488739
62994,0.0486897
63046.4,0.0483311
63098.9,0.0483944
63151.4,0.0483342
63204,0.0478919
63256.6,0.0482664
63309.3,0.0478877
63362,0.0485565
63414.8,0.0484466
63467.6,0.0480203
63520.4,0.0485375
63573.3,0.0483416
63626.3,0.0484613
63679.2,0.0485167
63732.3,0.0483783
63785.3,0.0483536
63838.4,0.047753
63891.6,0.0483745
63944.8,0.0481203
63998,0.0487553
64051.3,0.0478814
64104.7,0.0483925
64158,0.0488361
64211.5,0.0488469
64264.9,0.0485129
64318.4,0.048343
64372,0.0487604
64425.6,0.0483986
64479.2,0.0483331
64532.9,0.048819
64586.6,0.0479946
64640.4,0.0487933
64694.2,0.0482317
64748.1,0.0483471
64802,0.0483616
64856,0.0482791
64910,0.04842
64964,0.0480852
65018.1,0.0483209
65072.3,0.0484517
65126.4,0.0484357
65180.7,0.047942
65234.9,0.0486457
65289.3,0.0483059
65343.6,0.0483483
65398,0.0488624
65452.5,0.0482525
65507,0.0483058
65561.5,0.0485859
65616.1,0.0483585
65670.8,0.0484329
65725.4,0.0480474
65780.2,0.0486828
65834.9,0.0481967
65889.8,0.0488353
65944.6,0.0484729
65999.5,0.0485541
66054.5,0.0481218
66109.5,0.0488322
66164.5,0.048227
66219.6,0.0488552
66274.8,0.0482603
66329.9,0.0484104
66385.2,0.0485805
66440.4,0.0482963
66495.8,0.0479295
66551.1,0.0482062
66606.5,0.0481021
66662,0.0482388
66717.5,0.0486312
66773.1,0.0484485
66828.7,0.0485866
66884.3,0.0487481
66940,0.048552
66995.7,0.0481977
67051.5,0.0485367
67107.3,0.0482639
67163.2,0.0485184
67219.1,0.048098
67275.1,0.0487517
67331.1,0.0482757
67387.2,0.0480973
67443.3,0.047659
67499.5,0.0486955
67555.7,0.0486913
67611.9,0.0485504
67668.2,0.0480117
67724.6,0.0486478
67780.9,0.0485339
67837.4,0.0487159
67893.9,0.0483243
67950.4,0.0482991
68007,0.0486278
68063.6,0.0486221
68120.3,0.048314
68177,0.0476414
68233.8,0.0482416
68290.6,0.0483962
68347.4,0.0485202
68404.3,0.0485021
68461.3,0.0482109
68518.3,0.0487829
68575.4,0.0481765
68632.5,0.0485284
68689.6,0.0488213
68746.8,0.0483962
68804,0.0483956
68861.3,0.0483574
68918.7,0.0479436
68976.1,0.0487101
69033.5,0.0481386
69091,0.0482892
69148.5,0.0479195
69206.1,0.0483967
69263.7,0.0482085
69321.4,0.0483319
69379.1,0.0484744
69436.9,0.048685
69494.7,0.0483564
69552.5,0.0480156
69610.4,0.0485915
69668.4,0.0478481
69726.4,0.0481721
69784.5,0.0483216
69842.6,0.048333
69900.7,0.0485402
69958.9,0.0483074
70017.2,0.0484125
70075.5,0.0477499
70133.8,0.0477812
70192.2,0.0487222
70250.7,0.0480053
70309.2,0.0482985
70367.7,0.0479051
70426.3,0.0482033
70484.9,0.0480927
70543.6,0.0486455
70602.4,0.0483696
70661.2,0.0482888
70720,0.0481193
70778.9,0.0483543
70837.8,0.0482925
70896.8,0.0481468
70955.8,0.048067
71014.9,0.0482928
71074,0.0482066
71133.2,0.0487612
71192.5,0.0479984
71251.7,0.0481449
71311.1,0.0479476
71370.4,0.0482997
71429.9,0.0482788
71489.3,0.0481699
71548.9,0.0482011
71608.4,0.0483198
71668.1,0.0480647
71727.7,0.0482733
71787.5,0.0481142
71847.2,0.0478982
71907.1,0.0481701
71966.9,0.048373
72026.9,0.0481122
72086.8,0.0481847
72146.8,0.0481672
72206.9,0.0479369
72267,0.0484014
72327.2,0.0482987
72387.4,0.0481472
72447.7,0.0485836
72508,0.0479627
72568.4,0.0482102
72628.8,0.0482998
72689.3,0.0481212
72749.8,0.0482582
72810.4,0.0488488
72871,0.0482719
72931.7,0.0483659
72992.4,0.0476243
73053.2,0.0480105
73114,0.0480496
73174.9,0.0481715
73235.8,0.0485445
73296.8,0.0479287
73357.9,0.0484899
73418.9,0.0478594
73480.1,0.0483837
73541.2,0.048042
73602.5,0.0485433
73663.8,0.0483054
73725.1,0.0481477
73786.5,0.0482143
73847.9,0.0484823
73909.4,0.0483774
73971,0.0482905
74032.5,0.0482304
74094.2,0.0480136
74155.9,0.0475661
74217.6,0.0482082
74279.4,0.0484181
74341.3,0.0483066
74403.2,0.0483557
74465.1,0.0478993
74527.1,0.0482938
74589.2,0.048276
74651.3,0.0478399
74713.5,0.0479555
74775.7,0.0483224
74837.9,0.0482224
74900.2,0.0485779
74962.6,0.0478353
75025,0.0484682
75087.5,0.0482066
75150,0.0481292
75212.6,0.0482511
75275.2,0.0479041
75337.9,0.0482343
75400.6,0.0487258
75463.4,0.0481353
75526.2,0.0481019
75589.1,0.0482988
75652.1,0.0482239
75715.1,0.0483116
75778.1,0.0484034
75841.2,0.0482528
75904.3,0.048116
75967.5,0.048385
76030.8,0.048132
76094.1,0.0483454
76157.5,0.048239
76220.9,0.0477077
76284.3,0.0478636
76347.9,0.0481858
76411.4,0.048318
76475.1,0.0479358
76538.7,0.0481709
76602.5,0.0480814
76666.2,0.048094
76730.1,0.0482962
76794,0.0483307
76857.9,0.0480149
76921.9,0.0484605
76986,0.0481181
77050.1,0.0482303
77114.2,0.0477896
77178.4,0.0481932
77242.7,0.0477413
77307,0.0477956
77371.4,0.0484348
77435.8,0.0484304
77500.3,0.0484228
77564.8,0.0483652
77629.4,0.0480243
77694,0.0482808
77758.7,0.0484042
77823.5,0.0483918
77888.3,0.0485136
77953.1,0.0481105
78018,0.0482235
78083,0.048233
78148,0.0476157
78213.1,0.0479563
78278.2,0.0483297
78343.4,0.0487622
78408.6,0.0484316
78473.9,0.0483922
78539.2,0.0483061
78604.6,0.0484173
78670.1,0.048652
78735.6,0.0482893
78801.1,0.0482686
78866.7,0.0483154
78932.4,0.0482103
78998.1,0.0481185
79063.9,0.0483721
79129.7,0.047631
79195.6,0.0485345
79261.6,0.0485839
79327.6,0.0479225
79393.6,0.0480978
79459.7,0.0482709
79525.9,0.0482405
79592.1,0.048111
79658.4,0.047986
79724.7,0.048521
79791.1,0.0479881
79857.5,0.0481154
79924,0.0479557
79990.6,0.0481117
80057.2,0.0482638
80123.8,0.0481517
80190.5,0.0482195
80257.3,0.0481818
80324.1,0.0481171
80391,0.0481077
80458,0.0483426
80525,0.0478812
80592,0.048179
80659.1,0.048129
80726.3,0.0485236
80793.5,0.0478814
80860.8,0.0482771
80928.1,0.048112
80995.5,0.0482106
81062.9,0.0479877
81130.4,0.0478379
81198,0.0479222
81265.6,0.0483541
81333.2,0.0481066
81401,0.0482278
81468.7,0.0482724
81536.6,0.0480049
81604.5,0.0480604
81672.4,0.0482019
81740.4,0.0482715
81808.5,0.0482822
81876.6,0.0479
81944.8,0.0481825
82013,0.0478098
82081.3,0.0482744
82149.6,0.0482723
82218,0.0481811
82286.5,0.0481028
82355,0.0482024
82423.6,0.0481343
82492.2,0.0480908
82560.9,0.048369
82629.6,0.0481903
82698.4,0.0480944
82767.3,0.0482084
82836.2,0.0482676
82905.2,0.0481481
82974.2,0.0482853
83043.3,0.0482557
83112.5,0.0480664
83181.7,0.0479645
83250.9,0.0481048
83320.2,0.0481299
83389.6,0.0480066
83459,0.0481138
83528.5,0.0480822
83598.1,0.0481058
83667.7,0.0480851
83737.4,0.0481126
83807.1,0.0482949
83876.9,0.0481401
83946.7,0.0481676
84016.6,0.0479873
84086.6,0.0481208
84156.6,0.0481123
84226.6,0.0481861
84296.8,0.0479481
84367,0.0485995
84437.2,0.0481245
84507.5,0.0481087
84577.9,0.0484113
84648.3,0.0482311
84718.8,0.0480201
84789.3,0.0483842
84859.9,0.0480248
84930.6,0.0481475
85001.3,0.0481281
85072.1,0.0479775
85142.9,0.0482254
85213.8,0.0482357
85284.8,0.0480283
85355.8,0.048222
85426.8,0.0481483
85498,0.0484093
85569.2,0.0477424
85640.4,0.0484527
85711.7,0.0483013
85783.1,0.04806
85854.5,0.0482503
85926,0.0480935
85997.6,0.0479586
86069.2,0.0481863
86140.8,0.0483324
86212.5,0.048207
86284.3,0.0481253
86356.2,0.0480605
86428.1,0.0481836
86500,0.0481676
86572.1,0.0481794
86644.2,0.0482492
86716.3,0.0479904
86788.5,0.0481056
86860.8,0.0481075
86933.1,0.0482046
87005.5,0.0482031
87077.9,0.0481715
87150.4,0.0481037
87223,0.0480935
87295.6,0.0480989
87368.3,0.0480471
87441,0.0482058
87513.9,0.0480437
87586.7,0.0481316
87659.6,0.0481283
87732.6,0.0482282
87805.7,0.0480503
87878.8,0.0486208
87952,0.0476353
88025.2,0.0476914
88098.5,0.0485135
88171.9,0.0479789
88245.3,0.0481923
88318.7,0.0482161
88392.3,0.0480328
88465.9,0.0482148
88539.5,0.0481819
88613.3,0.0480667
88687.1,0.0478596
88760.9,0.0482492
88834.8,0.0480919
88908.8,0.0482934
88982.8,0.0488047
89056.9,0.0480357
89131,0.0478296
89205.3,0.0486962
89279.5,0.047806
89353.9,0.0487595
89428.3,0.047982
89502.7,0.0480572
89577.3,0.0479542
89651.8,0.0480637
89726.5,0.0479679
89801.2,0.048174
89876,0.0482053
89950.8,0.0482048
90025.7,0.0479081
90100.7,0.0480593
90175.7,0.0481703
90250.8,0.0480886
90325.9,0.0480814
90401.1,0.0481971
90476.4,0.0481295
90551.7,0.0482291
90627.1,0.0483806
90702.6,0.0481553
90778.1,0.0480912
90853.7,0.0482136
90929.4,0.0478574
91005.1,0.0479636
91080.8,0.0482708
91156.7,0.0479944
91232.6,0.0480502
91308.5,0.048039
91384.6,0.0480146
91460.7,0.0478705
91536.8,0.0477041
91613,0.0480294
91689.3,0.0479178
91765.7,0.0479089
91842.1,0.0481102
91918.5,0.0479438
91995.1,0.0478254
92071.7,0.0478705
92148.3,0.0482885
92225.1,0.0479159
92301.9,0.0481846
92378.7,0.0479668
92455.6,0.0477966
92532.6,0.0482051
92609.7,0.0481214
92686.8,0.0478863
92763.9,0.0481722
92841.2,0.0482027
92918.5,0.0484465
92995.9,0.0479772
93073.3,0.0481779
93150.8,0.0478823
93228.4,0.0481368
93306,0.0480675
93383.7,0.0480714
93461.4,0.0478466
93539.2,0.048141
93617.1,0.0482073
93695.1,0.0480282
93773.1,0.0482345
93851.2,0.0481615
93929.3,0.047942
94007.5,0.0482046
94085.8,0.0481179
94164.1,0.0481975
94242.5,0.0481688
94321,0.048198
94399.6,0.0490005
94478.2,0.0481647
94556.8,0.0486354
94635.6,0.0480782
94714.4,0.0486367
94793.2,0.048613
94872.1,0.047926
94951.1,0.0480725
95030.2,0.048082
95109.3,0.0480679
95188.5,0.0478941
95267.8,0.0479677
95347.1,0.0478034
95426.5,0.0481604
95506,0.0478882
95585.5,0.0479675
95665.1,0.0484456
95744.7,0.0478554
95824.4,0.0480009
95904.2,0.0481903
95984.1,0.0478813
96064,0.0480885
96144,0.048105
96224,0.0479996
96304.2,0.0482735
96384.4,0.0485794
96464.6,0.0477818
96544.9,0.0482286
96625.3,0.0483648
96705.8,0.048173
96786.3,0.0482175
96866.9,0.0477171
96947.5,0.0482109
97028.3,0.0481496
97109,0.0482658
97189.9,0.0478709
97270.8,0.0481912
97351.8,0.0479207
97432.9,0.0478011
97514,0.0478207
97595.2,0.0477633
97676.5,0.0479451
97757.8,0.0484009
97839.2,0.0481206
97920.7,0.0477897
98002.2,0.0478913
98083.8,0.0477272
98165.5,0.0479027
98247.2,0.048036
98329,0.0487597
98410.9,0.0477311
98492.8,0.0484153
98574.8,0.0479541
98656.9,0.0479681
98739.1,0.0490529
98821.3,0.0474603
98903.6,0.0480758
98985.9,0.048121
99068.3,0.0485962
99150.8,0.04794
99233.4,0.0477703
99316,0.0480958
99398.7,0.0476594
99481.5,0.0480173
99564.3,0.0480238
99647.2,0.0477022
99730.2,0.048019
99813.2,0.0475247
99896.3,0.0474225
99979.5,0.047654
100063,0.048388
100146,0.0482687
100229,0.0479292
100313,0.0475168
100396,0.0478824
100480,0.0475294
100564,0.0479893
100647,0.0480557
100731,0.0477106
100815,0.0472046
100899,0.0479428
100983,0.0486128
101067,0.0474609
101151,0.0477779
101236,0.0480274
101320,0.0483372
101404,0.0481906
101489,0.047991
101573,0.0483985
101658,0.0482884
101742,0.048192
101827,0.0476176
101912,0.0477834
101997,0.0484357
102082,0.0479573
102167,0.0478306
102252,0.0477824
102337,0.0486539
102422,0.0477892
102507,0.0478033
102593,0.0483252
102678,0.0481604
102764,0.0485476
102849,0.047955
102935,0.0479001
103020,0.0480462
103106,0.0477346
103192,0.0478823
103278,0.0482017
103364,0.0474986
103450,0.0476095
103536,0.047829
103622,0.047948
103709,0.0474531
103795,0.0479971
103882,0.0484309
103968,0.048053
104055,0.04775
104141,0.0481598
104228,0.0481296
104315,0.0475886
104402,0.0481012
104488,0.0476927
104575,0.0479233
104663,0.0477339
104750,0.0480206
104837,0.0477247
104924,0.0483052
105012,0.0484586
105099,0.0470685
105187,0.0480868
105274,0.0477212
105362,0.0476119
105450,0.0480259
105537,0.0477907
105625,0.0484926
105713,0.0479567
105801,0.0477725
105889,0.0478966
105977,0.0474892
106066,0.0481479
106154,0.0477782
106242,0.0475686
106331,0.0479646
106419,0.0480622
106508,0.0476591
106597,0.0476395
106685,0.0475292
106774,0.0477473
106863,0.0477157
106952,0.0478576
107041,0.0473517
107130,0.0473873
107220,0.0478931
107309,0.0475408
107398,0.0478232
107488,0.0477664
107577,0.04764
107667,0.0478165
107756,0.0474274
107846,0.0475423
107936,0.0479692
108026,0.0480174
108116,0.04743
108206,0.0481349
108296,0.0478422
108386,0.047674
108476,0.0478576
108566,0.0475898
108657,0.0479017
108747,0.0475662
108838,0.0479186
108929,0.0477956
109019,0.0479583
109110,0.0476266
109201,0.0468483
109292,0.0467296
109383,0.0475309
109474,0.0477297
109565,0.0480046
109656,0.0477268
109748,0.0476469
109839,0.0472595
109930,0.047771
110022,0.0479599
110114,0.0476922
110205,0.0478289
110297,0.0476181
110389,0.0479212
110481,0.0480545
110573,0.0478213
110665,0.0474958
110757,0.0476969
110849,0.0476269
110941,0.0476994
111034,0.0478694
111126,0.0479167
111219,0.0476815
111311,0.0476872
111404,0.0476077
111497,0.0485293
111590,0.047714
111683,0.0475675
111776,0.0480857
111869,0.0478911
111962,0.0478216
112055,0.0477003
112148,0.0476721
112242,0.0475429
112335,0.0478278
112429,0.0475956
112522,0.0476781
112616,0.0475798
112710,0.0476962
112804,0.0479664
112898,0.0476012
112992,0.0480985
113086,0.0476272
113180,0.0478278
113274,0.047874
113368,0.0477776
113463,0.0477535
113557,0.0478505
113652,0.0478446
113746,0.0476371
113841,0.0477739
113936,0.0475737
114031,0.0474676
114126,0.047664
114221,0.0477893
114316,0.0476583
114411,0.0478731
114506,0.0479765
114602,0.0477561
114697,0.0477046
114793,0.0479635
114888,0.0476465
114984,0.0476616
115080,0.0476848
115175,0.0476407
115271,0.0478518
115367,0.0478193
115463,0.0476241
115559,0.0475397
115656,0.0478983
115752,0.0477885
115848,0.0479354
115945,0.0477517
116041,0.0478104
116138,0.0476911
116235,0.0477949
116331,0.0474391
116428,0.0474495
116525,0.0476498
116622,0.0477179
116719,0.0476283
116817,0.0479407
116914,0.0474124
117011,0.0475979
117109,0.0476536
117206,0.0478784
117304,0.0477526
117401,0.0476809
117499,0.047701
117597,0.0477018
117695,0.0475591
117793,0.0474844
117891,0.0475049
117989,0.0476509
118087,0.0476967
118186,0.0478349
118284,0.0474823
118383,0.0475323
118481,0.0476822
118580,0.0473204
118679,0.0475498
118777,0.0473177
118876,0.0473482
118975,0.0474308
119074,0.0473989
119173,0.0471207
119273,0.0475384
119372,0.0475822
119471,0.0473814
119571,0.0475428
119670,0.0473798
119770,0.0474619
119870,0.0477008
119970,0.0474348
120070,0.0474975
120170,0.0475187
120270,0.0473601
120370,0.0477933
120470,0.0475639
120570,0.0476764
120671,0.0474675
120771,0.0475804
120872,0.0471493
120972,0.0474481
121073,0.0474312
121174,0.0473629
121275,0.0475035
121376,0.0476272
121477,0.0476711
121578,0.0474831
121679,0.0472215
121780,0.0475899
121882,0.0472271
121983,0.0474513
122085,0.047391
122187,0.0474528
122288,0.0475822
122390,0.0477607
122492,0.0474903
122594,0.0472651
122696,0.0474582
122798,0.0474831
122901,0.0473077
123003,0.0475043
123105,0.0474595
123208,0.0475098
123310,0.0478277
123413,0.0473772
123516,0.0475291
123619,0.0475468
123722,0.0478858
123825,0.0474
123928,0.0472982
124031,0.0474957
124134,0.0471717
124238,0.0472835
124341,0.0473814
124445,0.0473108
124548,0.0476368
124652,0.047495
124756,0.0474874
124859,0.0472454
124963,0.0478246
125068,0.0472215
125172,0.0469763
125276,0.0475307
125380,0.047273
125485,0.0470701
125589,0.0473162
125694,0.0476025
125798,0.0476362
125903,0.0474307
126008,0.0477256
126113,0.0473971
126218,0.0475013
126323,0.0478128
126428,0.0477548
126533,0.0476174
126639,0.0474534
126744,0.047511
126850,0.0473492
126955,0.0477696
127061,0.0477092
127167,0.0473878
127273,0.0475491
127379,0.0477438
127485,0.0477005
127591,0.0471941
127697,0.0474528
127803,0.0477338
127910,0.0475959
128016,0.0474342
128123,0.0472484
128230,0.0470871
128336,0.0472912
128443,0.047535
128550,0.0472208
128657,0.0477309
128764,0.0471568
128872,0.0475846
128979,0.0472437
129086,0.0474056
129194,0.0474654
129301,0.04755
129409,0.0476935
129517,0.047216
129625,0.0472214
129733,0.0473488
129841,0.0476601
129949,0.0471774
130057,0.047459
130165,0.047225
130274,0.0476363
130382,0.0476204
130491,0.0473255
130599,0.0476048
130708,0.0471561
130817,0.0471924
130926,0.0469452
131035,0.0476066
131144,0.0472555
131253,0.0475302
131362,0.0474696
131472,0.0473988
131581,0.0472626
131691,0.0472568
131800,0.0475345
131910,0.0476118
132020,0.047305
132130,0.0470639
132240,0.0476858
132350,0.0475108
132460,0.0473933
132571,0.0474159
132681,0.0472378
132791,0.0474471
132902,0.0475346
133013,0.0476056
133123,0.0473073
133234,0.0472448
133345,0.0475848
133456,0.0471949
133567,0.0474412
133678,0.0471866
133790,0.0472718
133901,0.0475847
134013,0.0473984
134124,0.0473529
134236,0.0475347
134348,0.0476875
134460,0.0475359
134572,0.0476027
134684,0.0470958
134796,0.0475111
134908,0.0474095
135020,0.0476589
135133,0.0474313
135245,0.0472029
135358,0.0477254
135471,0.0472966
135583,0.0476652
135696,0.0472679
135809,0.0475251
135922,0.047756
136036,0.0469843
136149,0.0475391
136262,0.0474351
136376,0.047909
136489,0.0474487
136603,0.0474452
136717,0.0477118
136830,0.0473592
136944,0.047419
137058,0.0472457
137172,0.0475803
137287,0.0473287
137401,0.0471022
137515,0.0472185
137630,0.0476189
137744,0.0472483
137859,0.0474652
137974,0.0469132
138089,0.0474688
138204,0.0473386
138319,0.0471319
138434,0.047172
138549,0.0473952
138665,0.0470689
138780,0.0474791
138896,0.0473229
139011,0.0474163
139127,0.0474661
139243,0.0469539
139359,0.047522
139475,0.0473123
139591,0.0475098
139707,0.0474437
139824,0.0478122
139940,0.0470638
140057,0.0474304
140173,0.0471895
140290,0.0468527
140407,0.047401
140524,0.0468897
140641,0.0469215
140758,0.0472269
140875,0.0471897
140992,0.0473251
141110,0.0470962
141227,0.0468927
141345,0.0470274
141462,0.0472431
141580,0.0470211
141698,0.0475627
141816,0.0469627
141934,0.0474366
142052,0.0469208
142171,0.0471936
142289,0.0474913
142407,0.0468304
142526,0.0470659
142645,0.0473444
142763,0.046906
142882,0.0474195
143001,0.047347
143120,0.0472546
143240,0.0469174
143359,0.0470876
143478,0.0471126
143598,0.0472838
143717,0.047328
143837,0.0469543
143957,0.0473282
144077,0.0471783
144196,0.0471436
144317,0.0470871
144437,0.0472278
144557,0.0470358
144677,0.0472278
144798,0.0474922
144918,0.047075
145039,0.0470451
145160,0.0469523
145281,0.0471937
145402,0.0472023
145523,0.0474025
145644,0.047168
145765,0.0471469
145887,0.0471751
146008,0.0471166
146130,0.0467106
146251,0.047235
146373,0.0471938
146495,0.0467598
146617,0.0470128
146739,0.0472885
146861,0.0468547
146983,0.0472207
147106,0.0474924
147228,0.0470786
147351,0.0470572
147474,0.047301
147596,0.0470306
147719,0.0477184
147842,0.0474573
147965,0.0473656
148089,0.0469863
148212,0.047211
148335,0.0469988
148459,0.0471295
148582,0.0470266
148706,0.04749
148830,0.047128
148954,0.0473782
149078,0.0471807
149202,0.0467911
149326,0.0467401
149451,0.0469141
149575,0.0473003
149700,0.0470474
149824,0.0469293
149949,0.0471237
150074,0.0471635
150199,0.0471761
150324,0.0472924
150449,0.0471336
150574,0.0472618
150700,0.0472547
150825,0.0471756
150951,0.0473636
151076,0.047198
151202,0.0473279
151328,0.0469713
151454,0.0471732
151580,0.0470998
151706,0.0472028
151833,0.0470024
151959,0.0469324
152086,0.0471358
152212,0.0472428
152339,0.0472951
152466,0.0467471
152593,0.0471486
152720,0.046839
152847,0.047297
152974,0.0471645
153102,0.0472635
153229,0.0469717
153357,0.047259
153484,0.0471548
153612,0.0471313
153740,0.047297
153868,0.047051
153996,0.0471133
154125,0.0475936
154253,0.0471678
154381,0.0471135
154510,0.0474423
154638,0.0473703
154767,0.0473018
154896,0.0473345
155025,0.0468608
155154,0.0471536
155283,0.0468693
155413,0.046882
155542,0.047011
155672,0.0470424
155801,0.0471047
155931,0.046707
156061,0.0468324
156191,0.0468977
156321,0.0473387
156451,0.0471738
156581,0.0470503
156712,0.0468421
156842,0.0468076
156973,0.0468461
157103,0.0469671
157234,0.0468422
157365,0.0466195
157496,0.0472398
157627,0.0467459
157758,0.0470582
157890,0.0467395
158021,0.0467399
158153,0.0471748
158285,0.0469512
158416,0.0466873
158548,0.0471443
158680,0.0468523
158812,0.0469865
158945,0.0465796
159077,0.047106
159209,0.0468329
159342,0.0470686
159475,0.0467867
159607,0.0472157
159740,0.0471814
159873,0.0468104
160006,0.0469541
160140,0.0467637
160273,0.0468527
160407,0.0471475
160540,0.0469962
160674,0.0470188
160808,0.0472851
160941,0.0471715
161075,0.0466858
161210,0.046998
161344,0.0463726
161478,0.0469935
161613,0.0468189
161747,0.0467123
161882,0.0465862
162017,0.0467377
162152,0.0467705
162287,0.0469688
162422,0.0467791
162557,0.0468036
162692,0.046914
162828,0.0469227
162963,0.0469006
163099,0.0468887
163235,0.0471172
163371,0.0469013
163507,0.0471817
163643,0.0469865
163779,0.0466498
163916,0.0471541
164052,0.0470386
164189,0.0467633
164325,0.0469077
164462,0.0472495
164599,0.046844
164736,0.0470829
164873,0.0465434
165011,0.0472339
165148,0.0470778
165285,0.0470233
165423,0.0469712
165561,0.0467859
165699,0.0467039
165837,0.0469812
165975,0.0470738
166113,0.046953
166251,0.0470966
166390,0.0470059
166528,0.047185
166667,0.0471207
166806,0.0468878
166945,0.0468065
167084,0.0467344
167223,0.0467171
167362,0.0471398
167501,0.0468109
167641,0.0468846
167780,0.0469211
167920,0.0468366
168060,0.0468546
168200,0.0468992
168340,0.0469198
168480,0.046783
168620,0.046983
168761,0.0468067
168901,0.0468868
169042,0.0470241
169183,0.0467332
169323,0.0467151
169464,0.0469407
169606,0.0465996
169747,0.046822
169888,0.0469631
170030,0.0467209
170171,0.0466889
170313,0.0470449
170455,0.0469253
170597,0.0467411
170739,0.0465377
170881,0.0470426
171023,0.0467781
171165,0.0468432
171308,0.0463491
171451,0.0467528
171593,0.0465784
171736,0.0466636
171879,0.0465998
172022,0.046879
172166,0.0464536
172309,0.0467433
172452,0.0467944
172596,0.0465641
172740,0.0465991
172884,0.0468737
173028,0.0465284
173172,0.0467305
173316,0.0466381
173460,0.0465909
173605,0.046582
173749,0.0466605
173894,0.0466936
174039,0.0467691
174183,0.046611
174328,0.0464088
174474,0.0467846
174619,0.0466841
174764,0.0468676
174910,0.0467468
175055,0.0467949
175201,0.0468568
175347,0.0468605
175493,0.0465282
175639,0.0465911
175785,0.0466135
175932,0.046866
176078,0.0467459
176225,0.0466973
176372,0.0465955
176519,0.0467768
176665,0.0464115
176813,0.0464721
176960,0.0467605
177107,0.0466182
177255,0.046739
177402,0.0467271
177550,0.0466576
177698,0.04658
177846,0.0466648
177994,0.0466305
178142,0.0466887
178290,0.0466982
178439,0.0466432
178587,0.0467139
178736,0.0468022
178885,0.0466018
179034,0.0468102
179183,0.0467122
179332,0.0467722
179481,0.0466108
179631,0.0464824
179780,0.0465901
179930,0.0466572
180080,0.0462891
180230,0.0467088
180380,0.0465692
180530,0.0467651
180680,0.0466352
180831,0.0467797
180981,0.0466563
181132,0.0468487
181283,0.0469284
181434,0.046745
181585,0.0467582
181736,0.0467957
181888,0.0466809
182039,0.0464412
182191,0.0465882
182342,0.0468582
182494,0.0461665
182646,0.0466843
182798,0.0467113
182950,0.0464111
183103,0.0468088
183255,0.0465401
183408,0.0466414
183560,0.046566
183713,0.0466513
183866,0.0465021
184019,0.0462532
184173,0.0467641
184326,0.0465977
184479,0.0467152
184633,0.0464924
184787,0.0467394
184941,0.0465306
185095,0.0463846
185249,0.0465206
185403,0.0464436
185557,0.0466596
185712,0.0464058
185866,0.0462458
186021,0.0468286
186176,0.0465413
186331,0.0463893
186486,0.0464347
186642,0.0462369
186797,0.0464217
186952,0.0465974
187108,0.0466284
187264,0.0464252
187420,0.04629
187576,0.0464975
187732,0.0463023
187888,0.046785
188045,0.0463003
188201,0.0464061
188358,0.0465441
188515,0.04653
188672,0.0466226
188829,0.0465434
188986,0.0464355
189144,0.0465148
189301,0.0466688
189459,0.0464751
189616,0.0458731
189774,0.0465049
189932,0.0461081
190091,0.0466594
190249,0.0466383
190407,0.04643
190566,0.0462996
190724,0.0464744
190883,0.0462814
191042,0.0464586
191201,0.0462818
191360,0.046325
191520,0.0464179
191679,0.0464582
191839,0.0461017
191999,0.0462633
192158,0.0463056
192318,0.0463479
192479,0.0462846
192639,0.0464043
192799,0.0460973
192960,0.0466099
193120,0.0462716
193281,0.0461665
193442,0.0464388
193603,0.0462347
193764,0.0459995
193926,0.0464767
194087,0.0465657
194249,0.0464191
194411,0.0463506
194572,0.046373
194735,0.0463284
194897,0.0464809
195059,0.0463492
195221,0.0465132
195384,0.04701
195547,0.0462157
195709,0.046481
195872,0.0465396
196035,0.0461993
196199,0.0466661
196362,0.0465538
196526,0.04655
196689,0.0463801
196853,0.046181
197017,0.0461713
197181,0.0461017
197345,0.0460548
197509,0.0459192
197674,0.0461751
197838,0.0465732
198003,0.0465832
198168,0.0464574
198333,0.0461901
198498,0.0463224
198663,0.0466611
198829,0.046013
198994,0.0461888
199160,0.0464292
199326,0.046431
199492,0.0462802
199658,0.0464073
199824,0.0463636
199991,0.0462845
200157,0.0464242
200324,0.0465017
200491,0.046282
200658,0.0462552
200825,0.0461722
200992,0.0461204
201159,0.0467337
201327,0.0467755
201494,0.0462139
201662,0.0461274
201830,0.0463736
201998,0.0461884
202166,0.0463407
202335,0.04642
202503,0.0463836
202672,0.0463056
202840,0.0467826
203009,0.0459458
203178,0.046462
203348,0.0463291
203517,0.0461895
203686,0.0460694
203856,0.0464093
204026,0.0459457
204196,0.046374
204366,0.0466131
204536,0.0464182
204706,0.0462371
204877,0.0465166
205047,0.0468076
205218,0.0465121
205389,0.0464743
205560,0.0461385
205731,0.0464006
205902,0.0463762
206074,0.0464321
206245,0.0461308
206417,0.0459441
206589,0.0461674
206761,0.0462135
206933,0.0464333
207105,0.0467193
207278,0.0463919
207450,0.0460445
207623,0.0460735
207796,0.0460887
207969,0.0466122
208142,0.0458754
208315,0.0463556
208489,0.0467046
208662,0.0464752
208836,0.0463221
209010,0.0462202
209184,0.0462119
209358,0.0463565
209533,0.0463693
209707,0.0466518
209882,0.0459701
210056,0.0461276
210231,0.0460278
210406,0.0465044
210582,0.0463544
210757,0.0460372
210932,0.0465256
211108,0.0463865
211284,0.0464568
211460,0.0462225
211636,0.046729
211812,0.0462473
211988,0.0464661
212165,0.0457893
212342,0.0459541
212518,0.0460615
212695,0.0463452
212872,0.0462315
213050,0.0461539
213227,0.0459784
213405,0.0463007
213582,0.0460017
213760,0.0461595
213938,0.0460243
214116,0.0458084
214295,0.0462236
214473,0.0460404
214652,0.0460886
214830,0.0458145
215009,0.0460704
215188,0.0461758
215367,0.0462085
215547,0.0459054
215726,0.0461622
215906,0.0457048
216086,0.0459974
216266,0.0461237
216446,0.0463374
216626,0.0460973
216806,0.0462526
216987,0.0461202
217167,0.0458063
217348,0.0462504
217529,0.0457389
217710,0.0463259
217892,0.0464641
218073,0.0460119
218255,0.0459293
218436,0.0462226
218618,0.0461743
218800,0.046598
218982,0.0464046
219165,0.0461289
219347,0.0464205
219530,0.0457778
219713,0.045985
219896,0.0458631
220079,0.0456531
220262,0.0459155
220445,0.045986
220629,0.0458123
220813,0.0462455
220996,0.0459812
221180,0.0464077
221365,0.0463518
221549,0.0462393
221733,0.0459996
221918,0.046339
222103,0.0459934
222288,0.0464032
222473,0.0462114
222658,0.0464902
222843,0.0462935
223029,0.0459661
223215,0.0459147
223401,0.0462516
223587,0.0458937
223773,0.0461152
223959,0.0463487
224146,0.0459096
224332,0.0460009
224519,0.0457839
224706,0.0459976
224893,0.0457291
225080,0.046301
225268,0.0461225
225455,0.0459277
225643,0.0457677
225831,0.0458293
226019,0.0460049
226207,0.0460589
226395,0.0459434
226584,0.0462179
226773,0.0460992
226961,0.046128
227150,0.046254
227340,0.046146
227529,0.0462086
227718,0.0459754
227908,0.0458306
228098,0.0458902
228288,0.0457777
228478,0.0459742
228668,0.0460218
228858,0.0456235
229049,0.0456463
229240,0.0461042
229431,0.0458151
229622,0.0455719
229813,0.0458427
230004,0.0456877
230196,0.045643
230387,0.0458605
230579,0.045616
230771,0.0456751
230963,0.0455166
231156,0.0455858
231348,0.0460462
231541,0.0458276
231733,0.0458681
231926,0.0457919
232120,0.0457163
232313,0.0457856
232506,0.0456891
232700,0.0457577
232894,0.0456538
233087,0.0460194
233282,0.0458822
233476,0.0454902
233670,0.0459741
233865,0.0456427
234060,0.0462766
234254,0.0457908
234449,0.0459747
234645,0.0459046
234840,0.0458296
235036,0.0458822
235231,0.0458723
235427,0.0460352
235623,0.0457926
235819,0.0455065
236016,0.0456479
236212,0.0454133
236409,0.0457887
236606,0.0457959
236803,0.0461443
237000,0.0457791
237197,0.0457751
237395,0.045816
237592,0.0455562
237790,0.0458288
237988,0.0457162
238186,0.0455723
238385,0.0456465
238583,0.0453027
238782,0.0458585
238981,0.0456861
239180,0.0459329
239379,0.0458358
239578,0.0457778
239778,0.0461087
239977,0.0455263
240177,0.0460819
240377,0.0454289
240577,0.0453733
240778,0.0461622
240978,0.0445298
241179,0.0461248
241380,0.0462104
241580,0.0455248
241782,0.0455329
241983,0.0456316
242184,0.0457079
242386,0.045201
242588,0.0459148
242790,0.0454575
242992,0.0452621
243194,0.0454966
243397,0.0455855
243600,0.0459438
243802,0.0458687
244005,0.0455731
244209,0.0460146
244412,0.0454284
244615,0.0455873
244819,0.045783
245023,0.0454642
245227,0.0458249
245431,0.0451191
245636,0.0456289
245840,0.0457033
246045,0.0455102
246250,0.0455208
246455,0.0456688
246660,0.0453196
246865,0.0454668
247071,0.0453117
247276,0.0453694
247482,0.0458618
247688,0.0453216
247895,0.0455398
248101,0.045344
248308,0.0453378
248514,0.0451813
248721,0.0455771
248928,0.0456606
249136,0.0453449
249343,0.0454335
249551,0.0456765
249759,0.045515
249967,0.0456168
250175,0.0455459
250383,0.0454721
250591,0.0452707
250800,0.0453908
251009,0.0452386
251218,0.0455663
251427,0.0454215
251636,0.0457781
251846,0.0453004
252056,0.0453366
252266,0.0455314
252476,0.045195
252686,0.0454396
252896,0.04517
253107,0.045135
253318,0.0453398
253528,0.0452056
253740,0.0450904
253951,0.0451211
254162,0.045216
254374,0.04547
254586,0.045669
254798,0.0453581
255010,0.0454358
255222,0.0452898
255435,0.0452937
255647,0.045625
255860,0.0449173
256073,0.0450576
256287,0.0452402
256500,0.0454783
256713,0.0451381
256927,0.0451833
257141,0.0450189
257355,0.0452882
257570,0.0456033
257784,0.0452413
257999,0.0449738
258213,0.0450119
258428,0.0453416
258644,0.0453625
258859,0.0452511
259075,0.0457772
259290,0.045546
259506,0.0451103
259722,0.0452819
259939,0.045539
260155,0.0454368
260372,0.0453727
260588,0.0455498
260805,0.0450025
261023,0.0452938
261240,0.0454182
261457,0.045042
261675,0.0451096
261893,0.0453334
262111,0.0449468
262329,0.0452274
262548,0.0450356
262766,0.045039
262985,0.0449868
263204,0.0447511
263423,0.0451572
263643,0.0450879
263862,0.0453858
264082,0.0454577
264302,0.0454283
264522,0.0450312
264742,0.0453284
264962,0.0453808
265183,0.0456073
265404,0.0455707
265625,0.0447755
265846,0.0450915
266067,0.0447299
266289,0.0450668
266511,0.0453754
266733,0.0447411
266955,0.0449092
267177,0.045252
267399,0.0456263
267622,0.045138
267845,0.0448803
268068,0.0451243
268291,0.0449872
268514,0.0455022
268738,0.0449311
268962,0.045624
269186,0.0451437
269410,0.0450059
269634,0.0449058
269859,0.0452142
270083,0.0448462
270308,0.0453578
270533,0.0451783
270759,0.0448454
270984,0.0453636
271210,0.0450095
271436,0.0447848
271662,0.0444633
271888,0.0451203
272114,0.0452156
272341,0.0452309
272567,0.0448446
272794,0.0451093
273022,0.0454093
273249,0.0454718
273476,0.045007
273704,0.0446828
273932,0.0449635
274160,0.0447196
274388,0.0451398
274617,0.0449453
274846,0.0446046
275074,0.0445257
275303,0.0442832
275533,0.0446279
275762,0.0449655
275992,0.0448553
276221,0.0447276
276451,0.0451223
276682,0.0445472
276912,0.0450664
277143,0.0444166
277373,0.0448091
277604,0.0444603
277835,0.0447005
278067,0.0446386
278298,0.0449084
278530,0.0442451
278762,0.0450397
278994,0.0446693
279226,0.0446751
279459,0.0447594
279692,0.0448816
279924,0.0452228
280158,0.0448947
280391,0.0447456
280624,0.0444815
280858,0.0448514
281092,0.0449158
281326,0.0451028
281560,0.0448516
281795,0.0449141
282029,0.0447758
282264,0.0448215
282499,0.0443017
282734,0.0454695
282970,0.044966
283205,0.0451987
283441,0.0449864
283677,0.0442431
283913,0.0451582
284150,0.0451663
284386,0.0442243
284623,0.045116
284860,0.045031
285097,0.0448268
285335,0.0446836
285572,0.0439923
285810,0.044712
286048,0.0445155
286286,0.0444343
286525,0.0443784
286763,0.0450094
287002,0.0446037
287241,0.0451157
287480,0.0450243
287719,0.0442078
287959,0.0448968
288199,0.0447626
288439,0.0449658
288679,0.045421
288919,0.0443376
289160,0.0449098
289401,0.0441787
289642,0.0446203
289883,0.0439233
290124,0.0450673
290366,0.0446775
290607,0.0436948
290849,0.0449098
291092,0.0447108
291334,0.044494
291577,0.0445036
291819,0.0445839
292062,0.0447912
292305,0.0443276
292549,0.0443796
292792,0.0446473
293036,0.0442327
293280,0.0448066
293524,0.044486
293769,0.044504
294013,0.0442136
294258,0.0447898
294503,0.0449103
294748,0.045065
294994,0.0446053
295240,0.0441097
295485,0.044561
295731,0.0446911
295978,0.0439462
296224,0.0444259
296471,0.0439615
296718,0.0442809
296965,0.0447915
297212,0.0443029
297459,0.0438233
297707,0.0439893
297955,0.0448582
298203,0.0441968
298451,0.0443096
298700,0.0443881
298949,0.0438185
299197,0.0441479
299447,0.0442485
299696,0.0445287
299945,0.0446253
300195,0.0448671
300445,0.044401
300695,0.044453
300946,0.0445303
301196,0.0445021
301447,0.0445321
301698,0.0439417
301949,0.0441656
302201,0.0440515
302452,0.0435424
302704,0.0439604
302956,0.0439047
303208,0.0434837
303461,0.0444982
303714,0.0438537
303966,0.0440319
304220,0.0434906
304473,0.0437387
304726,0.0438047
304980,0.0434095
305234,0.0436669
305488,0.0440086
305743,0.0436537
305997,0.0434562
306252,0.0439748
306507,0.0437759
306762,0.0435264
307018,0.0435319
307273,0.0432247
307529,0.0434526
307785,0.0437963
308041,0.0430884
308298,0.0436769
308555,0.0432281
308812,0.0438223
309069,0.0441598
309326,0.0440533
309584,0.0445484
309841,0.0443096
310099,0.0439246
310358,0.0438502
310616,0.0442197
310875,0.0436452
311133,0.0435125
311392,0.0440227
311652,0.0443341
311911,0.0432602
312171,0.0432117
312431,0.0442051
312691,0.0434424
312951,0.0437983
313212,0.044507
313473,0.0434568
313734,0.0433538
313995,0.0437456
314256,0.0443043
314518,0.0446529
314780,0.044723
315042,0.0440263
315304,0.0440764
315567,0.0439398
315830,0.0442044
316093,0.0439932
316356,0.0444753
316619,0.0446798
316883,0.0439116
317147,0.04391
317411,0.0437529
317675,0.0439394
317940,0.0441229
318204,0.0441311
318469,0.0442864
318735,0.0444042
319000,0.0440611
319266,0.0441595
319531,0.0446142
319797,0.0441606
320064,0.0445363
320330,0.0445171
320597,0.0441551
320864,0.0443378
321131,0.0443739
321398,0.0440138
321666,0.0437787
321934,0.043982
322202,0.0443638
322470,0.0442706
322739,0.0442508
323007,0.0440066
323276,0.0437636
323546,0.0440878
323815,0.0440981
324085,0.0440028
324354,0.0437924
324625,0.0438816
324895,0.0433839
325165,0.0435037
325436,0.0432561
325707,0.0433016
325978,0.0432638
326250,0.0429488
326521,0.0429465
326793,0.0428433
327065,0.0440936
327338,0.0437286
327610,0.0434956
327883,0.0428942
328156,0.0435146
328429,0.0429286
328703,0.0427465
328976,0.0432842
329250,0.0431333
329524,0.0432168
329799,0.0432155
330073,0.0432106
330348,0.0430959
330623,0.0430207
330899,0.0427929
331174,0.0432449
331450,0.0428578
331726,0.0431194
332002,0.0431845
332279,0.0430106
332555,0.0432087
332832,0.0433322
333109,0.0431494
333387,0.0430065
333664,0.0431116
333942,0.0430102
334220,0.0428899
334498,0.0436681
334777,0.0438627
335056,0.0434771
335335,0.0430495
335614,0.0431526
335893,0.0432484
336173,0.0432775
336453,0.0430259
336733,0.0429873
337013,0.0428818
337294,0.0427005
337575,0.0434555
337856,0.0429897
338137,0.0430163
338419,0.0427519
338701,0.0430075
338983,0.0428268
339265,0.0429198
339547,0.0432748
339830,0.0428989
340113,0.0430085
340396,0.0431656
340680,0.042723
340963,0.0430585
341247,0.0430035
341531,0.0429151
341816,0.0430715
342100,0.0425181
342385,0.0427781
342670,0.0431373
342956,0.0427264
343241,0.043883
343527,0.0433651
343813,0.0428094
344099,0.042604
344386,0.0428736
344673,0.0429646
344960,0.0429494
345247,0.0436756
345534,0.0432977
345822,0.0429001
346110,0.042679
346398,0.0421543
346686,0.0429842
346975,0.0431061
347264,0.0425162
347553,0.0431632
347843,0.0423893
348132,0.0433618
348422,0.0439672
348712,0.0432571
349003,0.0432153
349293,0.043237
349584,0.0432806
349875,0.0435818
350166,0.043488
350458,0.0427723
350750,0.0432347
351042,0.043036
351334,0.0429549
351627,0.0433878
351919,0.043578
352212,0.0438449
352506,0.0433408
352799,0.0435038
353093,0.0434867
353387,0.042991
353681,0.0435353
353976,0.0435157
354270,0.0424071
354565,0.0432816
354861,0.043847
355156,0.0431939
355452,0.0431882
355748,0.0433628
356044,0.0434497
356340,0.0434118
356637,0.0432989
356934,0.0429895
357231,0.0427434
357529,0.0426491
357826,0.0427068
358124,0.0427764
358423,0.0427781
358721,0.0437268
359020,0.0433089
359319,0.0428984
359618,0.0438532
359917,0.0433549
360217,0.0440741
360517,0.0431273
360817,0.0432607
361118,0.0430285
361418,0.0433374
361719,0.0440856
362020,0.0430873
362322,0.0433101
362623,0.0430998
362925,0.042543
363228,0.0430214
363530,0.0428657
363833,0.043737
364136,0.0434021
364439,0.0430534
364742,0.042951
365046,0.0433527
365350,0.0419417
365654,0.0425574
365959,0.0417533
366263,0.0433596
366568,0.0433244
366874,0.0427869
367179,0.0438456
367485,0.0429645
367791,0.0430094
368097,0.0431028
368403,0.0430531
368710,0.0429712
369017,0.0433719
369324,0.0432357
369632,0.0438048
369940,0.0426145
370248,0.0430854
370556,0.0436353
370865,0.0434116
371173,0.0433057
371482,0.0430402
371792,0.0430626
372101,0.043
372411,0.0436921
372721,0.0429693
373032,0.0429447
373342,0.0429638
373653,0.042316
373964,0.0438294
374276,0.0439265
374587,0.0427055
374899,0.0430532
375211,0.0439584
375524,0.0422831
375836,0.0436937
376149,0.0437623
376463,0.0438292
376776,0.042825
377090,0.0437936
377404,0.0433858
377718,0.0426456
378032,0.0429917
378347,0.043945
378662,0.0438598
378978,0.0428908
379293,0.043435
379609,0.0428256
379925,0.0434236
380241,0.0431179
380558,0.0429437
380875,0.0436051
381192,0.0436734
381509,0.0434981
381827,0.0425668
382145,0.0438535
382463,0.0437137
382782,0.0431152
383100,0.0432027
383419,0.042811
383739,0.0428622
384058,0.0431971
384378,0.0429195
384698,0.0426926
385018,0.0423837
385339,0.0420601
385660,0.0429245
385981,0.0426385
386302,0.043235
386624,0.0430172
386946,0.0421042
387268,0.0424993
387590,0.0429586
387913,0.0422687
388236,0.0433811
388559,0.0424465
388883,0.0427224
389207,0.0427812
389531,0.0425717
389855,0.0427351
390180,0.0427949
390505,0.0428818
390830,0.0429932
391155,0.0436628
391481,0.0427936
391807,0.0436548
392133,0.0426769
392460,0.0424661
392786,0.0419783
393113,0.0419538
393441,0.0426338
393768,0.0430569
394096,0.0428627
394424,0.0423924
394753,0.0423338
395081,0.0423635
395410,0.0433094
395740,0.0429482
396069,0.0419496
396399,0.0429546
396729,0.0430206
397059,0.0431859
397390,0.04224
397721,0.0428448
398052,0.0416879
398383,0.0422333
398715,0.0417335
399047,0.0431067
399379,0.0422907
399712,0.0426275
400045,0.0426877
400378,0.0423159
400711,0.0417744
401045,0.0410574
401379,0.0418716
401713,0.0419292
402047,0.0410676
402382,0.0410565
402717,0.0412937
403053,0.0410031
403388,0.0418399
403724,0.0427737
404060,0.0422001
404397,0.0425758
404733,0.0427531
405070,0.0417819
405408,0.0404286
405745,0.0405636
406083,0.040621
406421,0.0411883
406760,0.0405075
407098,0.0409924
407437,0.041901
407777,0.0418734
408116,0.0402315
408456,0.0403545
408796,0.0411392
409136,0.0408826
409477,0.0404743
409818,0.0415823
410159,0.0413952
410501,0.0413748
410843,0.0415873
411185,0.0406982
411527,0.0412583
411870,0.0407547
412213,0.0409012
412556,0.0406337
412899,0.0409602
413243,0.0412434
413587,0.0412603
413932,0.0407553
414276,0.0413243
414621,0.0404291
414966,0.0416734
415312,0.0414255
415658,0.0419824
416004,0.0419839
416350,0.0413326
416697,0.0424269
417044,0.0421202
417391,0.0424231
417739,0.042509
418086,0.0423875
418435,0.0425987
418783,0.0422086
419132,0.0424669
419481,0.0425558
419830,0.0418495
420180,0.0426284
420529,0.0424476
420880,0.0423042
421230,0.042718
421581,0.0413782
421932,0.0416613
422283,0.0419536
422635,0.0418383
422987,0.0423869
423339,0.0421329
423691,0.0417069
424044,0.0416658
424397,0.0425153
424751,0.0429026
425104,0.042799
425458,0.0426461
425812,0.0421974
426167,0.042045
426522,0.0424275
426877,0.0420565
427232,0.0425344
427588,0.0419995
427944,0.0419472
428300,0.0424925
428657,0.0417069
429014,0.0421071
429371,0.0418089
429729,0.0420245
430087,0.042415
430445,0.0414442
430803,0.0413343
431162,0.0418055
431521,0.0407738
431880,0.0404138
432240,0.040463
432600,0.0406896
432960,0.0406563
433320,0.0401387
433681,0.0403844
434042,0.0408858
434404,0.0407627
434765,0.0408223
435127,0.041545
435490,0.0401589
435852,0.0407672
436215,0.0408866
436578,0.0421925
436942,0.0405718
437306,0.0399941
437670,0.0409371
438034,0.0411095
438399,0.0408467
438764,0.040941
439129,0.0402187
439495,0.0399277
439861,0.040541
440227,0.0405112
440594,0.0404201
440961,0.0402081
441328,0.0419173
441695,0.0419178
442063,0.0416758
442431,0.0417429
442799,0.0415798
443168,0.0419345
443537,0.0422427
443906,0.0422698
444276,0.041704
444646,0.0415479
445016,0.0413754
445387,0.0418217
445758,0.041219
446129,0.040304
446500,0.0405599
446872,0.0401423
447244,0.0400516
447616,0.0405545
447989,0.0404101
448362,0.0404546
448736,0.0412116
449109,0.0401545
449483,0.0398015
449857,0.0403576
450232,0.040423
450607,0.0408412
450982,0.0397768
451358,0.0403061
451733,0.0406568
452110,0.0400396
452486,0.0405994
452863,0.0401863
453240,0.0409454
453617,0.0401043
453995,0.0403146
454373,0.0406378
454751,0.0401022
455130,0.0402836
455509,0.040716
455888,0.0398997
456268,0.0398008
456648,0.0401536
457028,0.0394285
457408,0.0401042
457789,0.0399102
458170,0.0403011
458552,0.0401877
458934,0.0398525
459316,0.0399877
459698,0.0400996
460081,0.0402793
460464,0.0393466
460848,0.0401214
461231,0.0402344
461615,0.0401495
462000,0.0404298
462384,0.0401094
462769,0.0404778
463155,0.0397893
463540,0.0392225
463926,0.039874
464313,0.040821
464699,0.0392915
465086,0.0400439
465473,0.0396197
465861,0.0404121
466249,0.0397858
466637,0.0398788
467026,0.0394011
467414,0.0399497
467804,0.0390576
468193,0.0399246
468583,0.0400589
468973,0.0397382
469364,0.0405226
469754,0.0409189
470146,0.0412584
470537,0.0398301
470929,0.0396376
471321,0.0401514
471713,0.0400211
472106,0.0389831
472499,0.0390175
472893,0.0399059
473286,0.0401896
473681,0.0393937
474075,0.0405134
474470,0.0398723
474865,0.039032
475260,0.0391757
475656,0.0397814
476052,0.0392406
476448,0.0387406
476845,0.0396899
477242,0.0392427
477639,0.0389901
478037,0.0397202
478435,0.0395139
478834,0.0391552
479232,0.0398021
479631,0.0394219
480031,0.0391703
480430,0.0399273
480830,0.0394693
481231,0.0397565
481631,0.0392563
482032,0.0387914
482434,0.0394654
482836,0.0389926
483238,0.0385165
483640,0.0387399
484043,0.0386028
484446,0.0389049
484849,0.0398586
485253,0.0398251
485657,0.0393309
486061,0.0381638
486466,0.0401437
486871,0.0396953
487276,0.0397812
487682,0.0377283
488088,0.0389031
488495,0.0412224
488901,0.0382726
489308,0.0388667
489716,0.039108
490124,0.0398839
490532,0.0401055
490940,0.0410002
491349,0.0396569
491758,0.039329
492167,0.0392012
492577,0.0385036
492987,0.0402462
493398,0.0391972
493809,0.0403403
494220,0.0385152
494631,0.0381465
495043,0.039917
495455,0.039011
495868,0.040575
496281,0.0401917
496694,0.0396529
497108,0.0405488
497522,0.0404004
497936,0.0407909
498350,0.0399489
498765,0.0382797
499181,0.0393128
499596,0.0380177
500012,0.0378148
500429,0.039557
500845,0.0383737
501262,0.038356
501680,0.0390816
502097,0.0393716
502516,0.0382038
502934,0.0398809
503353,0.0388659
503772,0.0393233
504191,0.0403558
504611,0.0396057
505031,0.0391038
505452,0.0398219
505873,0.0395553
506294,0.0403523
506715,0.0387185
507137,0.0385321
507560,0.0401302
507982,0.0403368
508405,0.0384774
508828,0.0400605
509252,0.0386209
509676,0.0409956
510101,0.0395471
510525,0.0391958
510950,0.0399634
511376,0.0395657
511802,0.0385817
512228,0.0405631
512654,0.0388082
513081,0.0399177
513508,0.0380832
513936,0.0382742
514364,0.0395888
514792,0.0398249
515221,0.0393727
515650,0.0407857
516079,0.039306
516509,0.0389109
516939,0.0390182
517369,0.0386542
517800,0.0387536
518231,0.0410527
518663,0.039911
519095,0.0394807
519527,0.0391498
519959,0.0390737
520392,0.0377644
520826,0.0390661
521259,0.0385384
521693,0.0386348
522128,0.0381151
522562,0.0392825
522998,0.0374037
523433,0.0390045
523869,0.0387799
524305,0.0394245
524742,0.0396238
525179,0.0385261
525616,0.0385206
526054,0.0394182
526492,0.0394724
526930,0.0385318
527369,0.0400474
527808,0.0388879
528247,0.0389194
528687,0.0377803
529127,0.0386641
529568,0.0405972
530009,0.0386701
530450,0.038944
530892,0.0385039
531334,0.0404352
531776,0.0402191
532219,0.0389134
532662,0.0392332
533106,0.0385196
533550,0.0386378
533994,0.0405967
534439,0.0390626
534884,0.0398398
535329,0.0398487
535775,0.03918
536221,0.040123
536667,0.0407772
537114,0.0369599
537561,0.0382029
538009,0.0400537
538457,0.0389701
538905,0.0389893
539354,0.0396925
539803,0.0398649
540252,0.039351
540702,0.0387789
541153,0.0384522
541603,0.0384895
542054,0.039472
542505,0.0396557
542957,0.039724
543409,0.0394672
543862,0.0389835
544315,0.0394707
544768,0.0397037
545221,0.0385246
545675,0.0384846
546130,0.0395922
546584,0.0393771
547040,0.0385147
547495,0.0388427
547951,0.0399207
548407,0.039318
548864,0.0394675
549321,0.0383824
549778,0.038488
550236,0.0383929
550694,0.0386629
551153,0.0385656
551612,0.0399354
552071,0.0394532
552531,0.0398625
552991,0.0395345
553451,0.0386872
553912,0.0388979
554373,0.0395573
554835,0.0395646
555297,0.0389359
555759,0.03907
556222,0.0387693
556685,0.0375481
557148,0.0376273
557612,0.0369769
558077,0.0389719
558541,0.0388386
559006,0.0392438
559472,0.0388227
559938,0.0387485
560404,0.0393795
560871,0.038772
561338,0.0393324
561805,0.0392743
562273,0.0387891
562741,0.0383597
563209,0.0387782
563678,0.0386402
564148,0.038567
564617,0.0385803
565088,0.0385851
565558,0.0386613
566029,0.0383661
566500,0.0387953
566972,0.0385065
567444,0.0386626
567917,0.0383646
568389,0.0387616
568863,0.0385211
569336,0.0384497
569810,0.0382718
570285,0.0381184
570760,0.0373301
571235,0.0383329
571711,0.0384883
572187,0.038589
572663,0.0377218
573140,0.0374449
573617,0.0374692
574095,0.0375072
574573,0.0372885
575051,0.0377933
575530,0.0375246
576009,0.037029
576489,0.0372428
576969,0.0372591
577449,0.0376414
577930,0.0369402
578411,0.0365952
578893,0.0371571
579375,0.036637
579857,0.0370797
580340,0.0371663
580823,0.037427
581307,0.0379192
581791,0.0384856
582275,0.0386293
582760,0.0383123
583245,0.0383576
583731,0.0385085
584217,0.038068
584704,0.0390327
585190,0.0388363
585678,0.0389145
586165,0.0386854
586653,0.0368305
587142,0.0369734
587631,0.0375008
588120,0.0376146
588610,0.03721
589100,0.0376343
589590,0.0363325
590081,0.0370202
590573,0.0372213
591064,0.0377016
591557,0.037427
592049,0.0370398
592542,0.0370516
593035,0.0367256
593529,0.0362428
594023,0.0365943
594518,0.0382682
595013,0.0376171
595508,0.0372855
596004,0.036918
596501,0.0375133
596997,0.0384471
597494,0.0382706
597992,0.0385388
598490,0.0381829
598988,0.0382783
599487,0.0385056
599986,0.0371904
600486,0.0365371
600986,0.0362962
601486,0.0365992
601987,0.0370584
602488,0.0377659
602990,0.0380847
603492,0.0374874
603994,0.036113
604497,0.0368734
605001,0.0380232
605504,0.036529
606008,0.0366901
606513,0.0361637
607018,0.0366159
607523,0.0366291
608029,0.0382279
608536,0.0378587
609042,0.0365205
609549,0.0379415
610057,0.0384103
610565,0.0386576
611073,0.0384629
611582,0.0383616
612091,0.0382576
612601,0.0393233
613111,0.0383724
613622,0.0388496
614133,0.0387175
614644,0.0386062
615156,0.03862
615668,0.0388003
616180,0.0380863
616694,0.038436
617207,0.0383801
617721,0.0383087
618235,0.0379957
618750,0.038451
619265,0.0381733
619781,0.0386798
620297,0.0382573
620813,0.0383137
621330,0.0383365
621848,0.0384192
622365,0.038175
622884,0.0362519
623402,0.0357878
623921,0.0365659
624441,0.0373222
624961,0.0378949
625481,0.037576
626002,0.0381888
626523,0.0379437
627045,0.0382769
627567,0.0384465
628090,0.038442
628613,0.0377894
629136,0.0383656
629660,0.0380438
630184,0.0380522
630709,0.0373212
631234,0.0374093
631760,0.0376819
632286,0.0377195
632812,0.037518
633339,0.0377365
633866,0.0377367
634394,0.0377956
634922,0.0380984
635451,0.0377535
635980,0.0372088
636510,0.0377976
637040,0.0376582
637570,0.0377383
638101,0.0378358
638632,0.0375088
639164,0.0375838
639696,0.0377551
640229,0.0378927
640762,0.0382408
641295,0.0377791
641829,0.0378388
642364,0.0376208
642899,0.0376994
643434,0.037673
643970,0.0376104
644506,0.0378299
645043,0.0381937
645580,0.0382276
646117,0.0378762
646655,0.0380077
647194,0.0378936
647733,0.0378812
648272,0.037644
648812,0.03807
649352,0.0380119
649893,0.0376545
650434,0.037759
650975,0.0377139
651517,0.0376617
652060,0.0376621
652603,0.0376872
653146,0.0378239
653690,0.0374324
654234,0.0375564
654779,0.0373298
655324,0.0373332
655870,0.0371408
656416,0.0368578
656963,0.0371631
657510,0.0370206
658057,0.0376329
658605,0.0379302
659153,0.0376546
659702,0.037047
660251,0.0375673
660801,0.0374577
661351,0.0371769
661902,0.0372139
662453,0.0371475
663005,0.0374247
663557,0.0373405
664109,0.0373398
664662,0.0371101
665216,0.0368219
665770,0.0369181
666324,0.0358412
666879,0.035437
667434,0.0355128
667990,0.0355024
668546,0.0351945
669103,0.0354404
669660,0.0354879
670217,0.0352449
670775,0.0359617
671334,0.0362288
671893,0.0366481
672452,0.0364487
673012,0.0357312
673573,0.0351617
674134,0.0359185
674695,0.0376616
675257,0.037104
675819,0.0371364
676382,0.0371557
676945,0.0371819
677508,0.0372657
678073,0.0371209
678637,0.0371383
679202,0.0355421
679768,0.0351756
680334,0.0355738
680900,0.0365037
681467,0.0371163
682035,0.0371049
682603,0.0369369
683171,0.0376099
683740,0.0372939
684309,0.0374981
684879,0.0373601
685449,0.0373211
686020,0.0373471
686591,0.0372547
687163,0.0370639
687735,0.037046
688308,0.0370597
688881,0.0370633
689454,0.0372108
690028,0.0370792
690603,0.0367641
691178,0.0369261
691753,0.0365315
692329,0.0368868
692906,0.0367834
693483,0.0368503
694060,0.0352234
694638,0.0361232
695217,0.0364394
695795,0.0365918
696375,0.035311
696955,0.0347249
697535,0.0354101
698116,0.0355346
698697,0.0350714
699279,0.0364707
699861,0.0365076
700444,0.0365827
701027,0.0367386
701611,0.0365559
702195,0.0366686
702780,0.0364912
703365,0.0363357
703950,0.03544
704537,0.0368588
705123,0.0364497
705710,0.0364213
706298,0.0368576
706886,0.0368646
707475,0.0357348
708064,0.037114
708653,0.0376664
709243,0.0376013
709834,0.0368107
710425,0.0366638
711016,0.0364556
711608,0.036836
712201,0.036714
712794,0.0364729
713387,0.036342
713981,0.0365391
714576,0.0365313
715171,0.0364067
715766,0.0366519
716362,0.0363872
716959,0.0364683
717556,0.0366478
718153,0.0365181
718751,0.0364385
719350,0.0365082
719949,0.0364761
720548,0.0365076
721148,0.0365191
721749,0.0365025
722350,0.0364698
722951,0.0362609
723553,0.0364681
724155,0.0366435
724758,0.0353399
725362,0.0359579
725966,0.0362037
726570,0.0366853
727175,0.0364796
727781,0.036388
728387,0.0362543
728993,0.0362084
729600,0.0361434
730208,0.0364482
730816,0.033808
731424,0.0339211
732033,0.0340982
732643,0.0344932
733253,0.0351325
733863,0.0344281
734474,0.0351919
735086,0.0352998
735698,0.0341563
736311,0.0341908
736924,0.0338425
737537,0.0336667
738151,0.0344451
738766,0.033567
739381,0.0338646
739997,0.0337604
740613,0.0337043
741230,0.0334529
741847,0.0338506
742464,0.0341774
743083,0.0351544
743701,0.0336717
744321,0.0331457
744940,0.0344204
745561,0.0356763
746181,0.0362279
746803,0.0352888
747425,0.0352196
748047,0.035119
748670,0.0356433
749293,0.0356858
749917,0.035746
750542,0.0358939
751166,0.035827
751792,0.0358454
752418,0.0350712
753044,0.0358372
753671,0.0355989
754299,0.0355114
754927,0.0347544
755556,0.0338754
756185,0.0332977
756814,0.0331715
757444,0.033126
758075,0.033171
758706,0.0350739
759338,0.0333577
759970,0.0333212
760603,0.0343699
761236,0.0342187
761870,0.034327
762505,0.0360692
763140,0.0356027
763775,0.0321464
764411,0.0326152
765047,0.0331383
765684,0.0333101
766322,0.0331498
766960,0.0338451
767599,0.0327752
768238,0.0334231
768877,0.0334077
769518,0.0340904
770158,0.034359
770800,0.0341948
771441,0.0350922
772084,0.0343036
772727,0.0342967
773370,0.0340548
774014,0.034294
774659,0.0345727
775304,0.0343192
775949,0.0341821
776595,0.034571
777242,0.034642
777889,0.0344046
778537,0.0344856
779185,0.0341366
779834,0.0345753
780483,0.0336539
781133,0.0340487
781783,0.0339175
782434,0.0339161
783086,0.0342181
783738,0.0351561
784390,0.0355145
785044,0.0350576
785697,0.0355926
786351,0.0350449
787006,0.035364
787661,0.0353758
788317,0.0350601
788974,0.0352856
789631,0.0350428
790288,0.0352332
790946,0.0340653
791605,0.0352141
792264,0.036425
792923,0.0352372
793584,0.0352367
794244,0.0345354
794906,0.0330652
795568,0.0338819
796230,0.0347005
796893,0.0353386
797557,0.0344785
798221,0.0344874
798885,0.0357308
799551,0.034219
800216,0.0331276
800883,0.0328656
801549,0.0347087
802217,0.0339961
802885,0.0339489
803553,0.0335481
804222,0.0344809
804892,0.0332595
805562,0.0319992
806233,0.0330092
806904,0.0323309
807576,0.0331669
808249,0.0337849
808922,0.0334701
809595,0.0335132
810269,0.0331008
810944,0.0322769
811619,0.0332706
812295,0.03256
812971,0.031732
813648,0.0327146
814326,0.0341821
815004,0.0330983
815682,0.0339286
816361,0.0324865
817041,0.0331872
817722,0.0312084
818402,0.0322439
819084,0.0326821
819766,0.0323124
820448,0.0313611
821132,0.031574
821815,0.0326386
822500,0.0354569
823184,0.0323218
823870,0.0331641
824556,0.0327415
825242,0.0329083
825929,0.0335155
826617,0.0330831
827305,0.0351075
827994,0.0334508
828684,0.0331336
829374,0.0332568
830064,0.0336435
830755,0.0318266
831447,0.0318132
832140,0.0323746
832832,0.0315442
833526,0.0322562
834220,0.0320525
834914,0.0315479
835610,0.0333217
836305,0.0326138
837002,0.0341681
837699,0.0331894
838396,0.0328877
839094,0.033996
839793,0.0330755
840492,0.0337002
841192,0.033982
841892,0.0348362
842593,0.0350835
843295,0.0341926
843997,0.0328776
844700,0.034587
845403,0.0334145
846107,0.0334212
846812,0.0340127
847517,0.0344876
848223,0.0331806
848929,0.0335396
849636,0.0352602
850343,0.0342542
851051,0.0342604
851760,0.0335525
852469,0.0339077
853179,0.0346784
853889,0.0341647
854600,0.0334955
855312,0.0351882
856024,0.0353493
856737,0.033874
857450,0.0331506
858164,0.0334804
858879,0.0347604
859594,0.0349361
860309,0.0344901
861026,0.0347596
861743,0.0345695
862460,0.0349119
863178,0.0331639
863897,0.0346747
864616,0.0344158
865336,0.0340123
866057,0.0339342
866778,0.0339881
867500,0.033996
868222,0.0347798
868945,0.0334334
869668,0.0335493
870393,0.0340958
871117,0.0336831
871843,0.0336815
872569,0.0342677
873295,0.0330159
874022,0.0341274
874750,0.0333617
875478,0.0335889
876207,0.0341185
876937,0.0343635
877667,0.0332555
878398,0.0340624
879129,0.0344311
879861,0.0338932
880594,0.0336543
881327,0.0338764
882061,0.0331187
882795,0.0342215
883530,0.0335005
884266,0.0333127
885002,0.0325489
885739,0.0329578
886477,0.0336119
887215,0.0340045
887954,0.0325668
888693,0.0307629
889433,0.0298059
890174,0.0308691
890915,0.0312379
891657,0.0302806
892399,0.0311619
893142,0.030707
893886,0.0302276
894630,0.03022
895375,0.0331938
896120,0.0333641
896867,0.0308121
897613,0.0302265
898361,0.0313232
899109,0.0309105
899857,0.030933
900607,0.0304742
901357,0.0300978
902107,0.0308895
902858,0.0305254
903610,0.0305904
904362,0.0300155
905115,0.0308785
905869,0.0322815
906623,0.0306398
907378,0.0311914
908134,0.0300017
908890,0.0302669
909647,0.0302715
910404,0.0303557
911162,0.0309581
911921,0.0294853
912680,0.0308998
913440,0.030305
914201,0.0308078
914962,0.0302251
915724,0.0308132
916486,0.0305483
917249,0.0297158
918013,0.0302615
918777,0.030736
919542,0.0303851
920308,0.0308766
921074,0.0293892
921841,0.0299278
922609,0.0296812
923377,0.029653
924146,0.0302665
924915,0.0304129
925685,0.0307184
926456,0.0307967
927228,0.0304279
928000,0.0301411
928772,0.0299164
929546,0.0307138
930320,0.0305831
931094,0.0306376
931870,0.0304135
932646,0.0302371
933422,0.0294283
934199,0.0301336
934977,0.0300517
935756,0.0302482
936535,0.0302475
937315,0.0299861
938095,0.0294205
938876,0.0299203
939658,0.0299048
940440,0.0299422
941223,0.0300039
942007,0.0301647
942791,0.029821
943576,0.0304006
944362,0.0299894
945148,0.0296543
945935,0.0293281
946723,0.0295505
947511,0.0322185
948300,0.0322525
949090,0.0322966
949880,0.0321898
950671,0.0325861
951463,0.0325168
952255,0.0322415
953048,0.0323731
953841,0.0324364
954635,0.0319314
955430,0.0317448
956226,0.0319537
957022,0.0319362
957819,0.0318649
958616,0.0317404
959415,0.0319113
960214,0.031676
961013,0.031634
961813,0.0315631
962614,0.0315507
963416,0.0317472
964218,0.031787
965021,0.0315957
965824,0.031632
966628,0.031464
967433,0.0316884
968239,0.0317878
969045,0.0316058
969852,0.0314413
970659,0.0315171
971468,0.0315637
972276,0.0315094
973086,0.0316366
973896,0.0317382
974707,0.0313028
975519,0.0316163
976331,0.0312798
977144,0.0313406
977958,0.0314357
978772,0.0317725
979587,0.031191
980402,0.0314916
981219,0.0312601
982036,0.0311416
982853,0.0309499
983672,0.0309079
984491,0.0307169
985311,0.0306307
986131,0.0304381
986952,0.030572
987774,0.0310779
988596,0.030856
989420,0.0305207
990243,0.0305774
991068,0.0308537
991893,0.0304658
992719,0.0308885
993546,0.0313007
994373,0.0311112
995201,0.0309277
996029,0.0304591
996859,0.0308032
997689,0.0303339
998520,0.0302802
999351,0.0301345
1.00018e+06,0.030494
1.00102e+06,0.030324
1.00185e+06,0.0305887
1.00268e+06,0.0305735
1.00352e+06,0.0315912
1.00435e+06,0.0317896
1.00519e+06,0.0314581
1.00603e+06,0.0320652
1.00686e+06,0.0318442
1.0077e+06,0.0315139
1.00854e+06,0.0315566
1.00938e+06,0.0316353
1.01022e+06,0.0313831
1.01106e+06,0.0317332
1.01191e+06,0.0312959
1.01275e+06,0.031588
1.01359e+06,0.0317758
1.01444e+06,0.0310921
1.01528e+06,0.0317658
1.01613e+06,0.0310634
1.01697e+06,0.0314181
1.01782e+06,0.0312578
1.01867e+06,0.030233
1.01951e+06,0.0305551
1.02036e+06,0.0309031
1.02121e+06,0.0310008
1.02206e+06,0.0310308
1.02291e+06,0.0310516
1.02377e+06,0.0311351
1.02462e+06,0.0312137
1.02547e+06,0.0304775
1.02632e+06,0.0298588
1.02718e+06,0.0298172
1.02803e+06,0.0300606
1.02889e+06,0.029869
1.02975e+06,0.0298503
1.0306e+06,0.0299048
1.03146e+06,0.0299714
1.03232e+06,0.0297785
1.03318e+06,0.0298747
1.03404e+06,0.0299516
1.0349e+06,0.0301691
1.03576e+06,0.0299697
1.03663e+06,0.029809
1.03749e+06,0.0298914
1.03835e+06,0.0298694
1.03922e+06,0.0296035
1.04008e+06,0.0297719
1.04095e+06,0.0298251
1.04182e+06,0.0296232
1.04268e+06,0.0298176
1.04355e+06,0.0295259
1.04442e+06,0.0295235
1.04529e+06,0.0308632
1.04616e+06,0.0310941
1.04703e+06,0.0309531
1.0479e+06,0.0296162
1.04878e+06,0.0294766
1.04965e+06,0.0294782
1.05052e+06,0.0297234
1.0514e+06,0.0295049
1.05227e+06,0.0293592
1.05315e+06,0.0295388
1.05403e+06,0.0297292
1.0549e+06,0.0294503
1.05578e+06,0.0294555
1.05666e+06,0.0295296
1.05754e+06,0.0295079
1.05842e+06,0.0293021
1.0593e+06,0.0292577
1.06019e+06,0.0292493
1.06107e+06,0.0290857
1.06195e+06,0.029285
1.06284e+06,0.0293856
1.06372e+06,0.0294045
1.06461e+06,0.0294457
1.06549e+06,0.0293806
1.06638e+06,0.0292563
1.06727e+06,0.0294196
1.06816e+06,0.0293362
1.06905e+06,0.0294771
1.06994e+06,0.0294089
1.07083e+06,0.0291676
1.07172e+06,0.029212
1.07261e+06,0.0290415
1.0735e+06,0.0292653
1.0744e+06,0.0292725
1.07529e+06,0.0294021
1.07619e+06,0.029173
1.07708e+06,0.0293283
1.07798e+06,0.0292915
1.07888e+06,0.0291638
1.07978e+06,0.0291551
1.08068e+06,0.0291738
1.08158e+06,0.029246
1.08248e+06,0.0291292
1.08338e+06,0.0291904
1.08428e+06,0.0292342
1.08518e+06,0.0290633
1.08609e+06,0.0290423
1.08699e+06,0.0289754
1.0879e+06,0.0290595
1.0888e+06,0.0289143
1.08971e+06,0.0291423
1.09062e+06,0.0290248
1.09152e+06,0.0287962
1.09243e+06,0.0291517
1.09334e+06,0.028893
1.09425e+06,0.0289382
1.09516e+06,0.0287529
1.09608e+06,0.0289109
1.09699e+06,0.0289937
1.0979e+06,0.0288153
1.09882e+06,0.0291542
1.09973e+06,0.0290089
1.10065e+06,0.0290313
1.10156e+06,0.0288257
1.10248e+06,0.0288494
1.1034e+06,0.0287278
1.10432e+06,0.0285891
1.10524e+06,0.0287156
1.10616e+06,0.0286099
1.10708e+06,0.0288236
1.108e+06,0.0286001
1.10892e+06,0.0280001
1.10985e+06,0.0269713
1.11077e+06,0.027217
1.11169e+06,0.0272809
1.11262e+06,0.0273359
1.11355e+06,0.0274449
1.11447e+06,0.0283076
1.1154e+06,0.0293026
1.11633e+06,0.029301
1.11726e+06,0.0267959
1.11819e+06,0.0268429
1.11912e+06,0.0269375
1.12005e+06,0.0270146
1.12099e+06,0.0266709
1.12192e+06,0.0267473
1.12285e+06,0.0267555
1.12379e+06,0.0294586
1.12472e+06,0.026255
1.12566e+06,0.0266516
1.1266e+06,0.0265872
1.12754e+06,0.0296116
1.12847e+06,0.0280857
1.12941e+06,0.0274595
1.13035e+06,0.0267337
1.1313e+06,0.0288683
1.13224e+06,0.027718
1.13318e+06,0.0262971
1.13412e+06,0.0265668
1.13507e+06,0.0267464
1.13601e+06,0.0264252
1.13696e+06,0.026565
1.13791e+06,0.0264196
1.13885e+06,0.0262644
1.1398e+06,0.0263419
1.14075e+06,0.0262948
1.1417e+06,0.0263944
1.14265e+06,0.0261473
1.1436e+06,0.0263949
1.14455e+06,0.0263412
1.14551e+06,0.026305
1.14646e+06,0.0261928
1.14742e+06,0.0261595
1.14837e+06,0.0262604
1.14933e+06,0.0263064
1.15028e+06,0.026166
1.15124e+06,0.0264641
1.1522e+06,0.0288452
1.15316e+06,0.0261208
1.15412e+06,0.0261385
1.15508e+06,0.0260118
1.15604e+06,0.0263384
1.15701e+06,0.0259102
1.15797e+06,0.0258991
1.15893e+06,0.0262265
1.1599e+06,0.0262304
1.16086e+06,0.0258683
1.16183e+06,0.027188
1.1628e+06,0.0272115
1.16377e+06,0.0279436
1.16474e+06,0.0264643
1.16571e+06,0.0257508
1.16668e+06,0.0261842
1.16765e+06,0.028418
1.16862e+06,0.028621
1.16959e+06,0.0276495
1.17057e+06,0.0264609
1.17154e+06,0.0259761
1.17252e+06,0.0261661
1.17349e+06,0.0255969
1.17447e+06,0.0256845
1.17545e+06,0.0279283
1.17643e+06,0.028285
1.17741e+06,0.0260647
1.17839e+06,0.0265403
1.17937e+06,0.0253401
1.18035e+06,0.0256071
1.18133e+06,0.0257709
1.18232e+06,0.0263118
1.1833e+06,0.0260532
1.18429e+06,0.0265611
1.18527e+06,0.0264497
1.18626e+06,0.0253996
1.18725e+06,0.0269038
1.18824e+06,0.0271838
1.18922e+06,0.0266189
1.19021e+06,0.0270514
1.19121e+06,0.0275997
1.1922e+06,0.0269515
1.19319e+06,0.026948
1.19418e+06,0.0274056
1.19518e+06,0.0263878
1.19617e+06,0.0255306
1.19717e+06,0.0260412
1.19817e+06,0.0264237
1.19916e+06,0.027352
1.20016e+06,0.0274077
1.20116e+06,0.0278212
1.20216e+06,0.0284238
1.20316e+06,0.0279361
1.20416e+06,0.0284295
1.20517e+06,0.02787
1.20617e+06,0.0263521
1.20717e+06,0.0265522
1.20818e+06,0.0266384
1.20919e+06,0.0258327
1.21019e+06,0.0257981
1.2112e+06,0.0266291
1.21221e+06,0.0255295
1.21322e+06,0.0279446
1.21423e+06,0.0288665
1.21524e+06,0.0288547
1.21625e+06,0.0286788
1.21726e+06,0.0283406
1.21828e+06,0.0283618
1.21929e+06,0.0281832
1.22031e+06,0.0284089
1.22132e+06,0.0285079
1.22234e+06,0.0287407
1.22336e+06,0.028951
1.22438e+06,0.0286399
1.2254e+06,0.0281415
1.22642e+06,0.0282144
1.22744e+06,0.0284723
1.22846e+06,0.0281649
1.22948e+06,0.0263936
1.23051e+06,0.0278781
1.23153e+06,0.0285517
1.23256e+06,0.0279703
1.23358e+06,0.0284602
1.23461e+06,0.0282264
1.23564e+06,0.0279732
1.23667e+06,0.0282088
1.2377e+06,0.0280459
1.23873e+06,0.0276294
1.23976e+06,0.027908
1.24079e+06,0.0281518
1.24182e+06,0.0279588
1.24286e+06,0.028122
1.24389e+06,0.027857
1.24493e+06,0.0279646
1.24596e+06,0.0278336
1.247e+06,0.0280143
1.24804e+06,0.0279577
1.24908e+06,0.0277742
1.25012e+06,0.0282854
1.25116e+06,0.0278548
1.2522e+06,0.0280538
1.25325e+06,0.0278485
1.25429e+06,0.0281453
1.25533e+06,0.0278464
1.25638e+06,0.0278943
1.25742e+06,0.0269909
1.25847e+06,0.0265979
1.25952e+06,0.0264952
1.26057e+06,0.0277484
1.26162e+06,0.0271773
1.26267e+06,0.0275005
1.26372e+06,0.0274636
1.26477e+06,0.0274278
1.26582e+06,0.0265065
1.26688e+06,0.0278392
1.26793e+06,0.0270167
1.26899e+06,0.0274668
1.27005e+06,0.027263
1.2711e+06,0.0274871
1.27216e+06,0.0272144
1.27322e+06,0.0275384
1.27428e+06,0.0273197
1.27534e+06,0.0271463
1.2764e+06,0.0277083
1.27747e+06,0.027201
1.27853e+06,0.0274824
1.2796e+06,0.0273666
1.28066e+06,0.0276286
1.28173e+06,0.0275798
1.28279e+06,0.027497
1.28386e+06,0.0269156
1.28493e+06,0.0260729
1.286e+06,0.0269973
1.28707e+06,0.0264233
1.28814e+06,0.0267482
1.28922e+06,0.0274398
1.29029e+06,0.0272346
1.29136e+06,0.0273211
1.29244e+06,0.026976
1.29352e+06,0.0269614
1.29459e+06,0.0269232
1.29567e+06,0.0269273
1.29675e+06,0.0274528
1.29783e+06,0.0268979
1.29891e+06,0.0275116
1.29999e+06,0.0271561
1.30107e+06,0.0271804
1.30216e+06,0.0273691
1.30324e+06,0.0273456
1.30433e+06,0.0273786
1.30541e+06,0.0273706
1.3065e+06,0.027485
1.30759e+06,0.0270201
1.30868e+06,0.0270207
1.30977e+06,0.0271607
1.31086e+06,0.0273821
1.31195e+06,0.0272536
1.31304e+06,0.0272775
1.31413e+06,0.0274391
1.31523e+06,0.0270625
1.31632e+06,0.0272339
1.31742e+06,0.0271283
1.31852e+06,0.026903
1.31961e+06,0.026802
1.32071e+06,0.0271396
1.32181e+06,0.0268964
1.32291e+06,0.0270089
1.32401e+06,0.0268511
1.32512e+06,0.0268149
1.32622e+06,0.026877
1.32732e+06,0.0270328
1.32843e+06,0.0270904
1.32954e+06,0.0263091
1.33064e+06,0.0270367
1.33175e+06,0.0270146
1.33286e+06,0.0268523
1.33397e+06,0.0248441
1.33508e+06,0.0257416
1.33619e+06,0.0265578
1.3373e+06,0.0266853
1.33842e+06,0.0267248
1.33953e+06,0.0263531
1.34065e+06,0.0266141
1.34176e+06,0.027109
1.34288e+06,0.026496
1.344e+06,0.0265023
1.34512e+06,0.0265775
1.34624e+06,0.0262907
1.34736e+06,0.0261547
1.34848e+06,0.026299
1.3496e+06,0.0266728
1.35073e+06,0.0263431
1.35185e+06,0.0259474
1.35298e+06,0.0263603
1.3541e+06,0.026322
1.35523e+06,0.0263039
1.35636e+06,0.0261599
1.35749e+06,0.0264192
1.35862e+06,0.0262838
1.35975e+06,0.0260646
1.36088e+06,0.0261667
1.36202e+06,0.026711
1.36315e+06,0.0261035
1.36429e+06,0.0268266
1.36542e+06,0.0268104
1.36656e+06,0.0260673
1.3677e+06,0.0260114
1.36884e+06,0.0259263
1.36997e+06,0.0263996
1.37112e+06,0.0266419
1.37226e+06,0.0263188
1.3734e+06,0.0264103
1.37454e+06,0.0258683
1.37569e+06,0.0266344
1.37683e+06,0.026457
1.37798e+06,0.0261823
1.37913e+06,0.0257878
1.38028e+06,0.0263777
1.38142e+06,0.0258104
1.38257e+06,0.0259187
1.38373e+06,0.0262428
1.38488e+06,0.0260707
1.38603e+06,0.0263137
1.38719e+06,0.0264642
1.38834e+06,0.0260442
1.3895e+06,0.0258963
1.39065e+06,0.0262479
1.39181e+06,0.0258971
1.39297e+06,0.0255692
1.39413e+06,0.0256086
1.39529e+06,0.0261921
1.39645e+06,0.0257783
1.39762e+06,0.0257172
1.39878e+06,0.0261491
1.39994e+06,0.0261255
1.40111e+06,0.0255577
1.40228e+06,0.0253672
1.40344e+06,0.0257674
1.40461e+06,0.0261788
1.40578e+06,0.025314
1.40695e+06,0.0254647
1.40812e+06,0.0252552
1.4093e+06,0.025518
1.41047e+06,0.0254038
1.41164e+06,0.0256951
1.41282e+06,0.0256362
1.414e+06,0.0251713
1.41517e+06,0.0253874
1.41635e+06,0.0255774
1.41753e+06,0.0250274
1.41871e+06,0.0253602
1.41989e+06,0.0252076
1.42107e+06,0.0254193
1.42226e+06,0.0252334
1.42344e+06,0.0254777
1.42463e+06,0.0251738
1.42581e+06,0.0254433
1.427e+06,0.0251929
1.42819e+06,0.0256561
1.42938e+06,0.0249153
1.43057e+06,0.025487
1.43176e+06,0.0254216
1.43295e+06,0.0248101
1.43414e+06,0.0247978
1.43534e+06,0.0252313
1.43653e+06,0.0248241
1.43773e+06,0.0250433
1.43893e+06,0.0248645
1.44013e+06,0.0250339
1.44132e+06,0.02502
1.44252e+06,0.0245322
1.44373e+06,0.0246268
1.44493e+06,0.0246067
1.44613e+06,0.0250756
1.44734e+06,0.024406
1.44854e+06,0.0247909
1.44975e+06,0.0246496
1.45095e+06,0.0243521
1.45216e+06,0.0251635
1.45337e+06,0.0248203
1.45458e+06,0.0243993
1.45579e+06,0.0248905
1.457e+06,0.0244373
1.45822e+06,0.0244018
1.45943e+06,0.0242265
1.46065e+06,0.0243402
1.46186e+06,0.0245573
1.46308e+06,0.0247462
1.4643e+06,0.0243507
1.46552e+06,0.0242671
1.46674e+06,0.0246933
1.46796e+06,0.0244804
1.46918e+06,0.0247119
1.4704e+06,0.0244624
1.47163e+06,0.0244522
1.47285e+06,0.0243023
1.47408e+06,0.0236682
1.47531e+06,0.0238974
1.47654e+06,0.0245227
1.47777e+06,0.0240209
1.479e+06,0.0236235
1.48023e+06,0.0243685
1.48146e+06,0.0245402
1.48269e+06,0.0246927
1.48393e+06,0.0241394
1.48516e+06,0.0242834
1.4864e+06,0.0248252
1.48764e+06,0.0244382
1.48888e+06,0.0239186
1.49012e+06,0.0244862
1.49136e+06,0.023847
1.4926e+06,0.024384
1.49384e+06,0.0237766
1.49509e+06,0.0242697
1.49633e+06,0.0234632
1.49758e+06,0.0248281
1.49882e+06,0.0243761
1.50007e+06,0.0235712
1.50132e+06,0.0244097
1.50257e+06,0.023982
1.50382e+06,0.0244906
1.50507e+06,0.0236039
1.50633e+06,0.0238493
1.50758e+06,0.0239408
1.50884e+06,0.0239767
1.51009e+06,0.0237465
1.51135e+06,0.0242112
1.51261e+06,0.0238123
1.51387e+06,0.0240268
1.51513e+06,0.0234814
1.51639e+06,0.0236758
1.51765e+06,0.0234173
1.51892e+06,0.0234426
1.52018e+06,0.0230175
1.52145e+06,0.0235876
1.52271e+06,0.0237203
1.52398e+06,0.0237211
1.52525e+06,0.0234717
1.52652e+06,0.023663
1.52779e+06,0.0236865
1.52906e+06,0.0236837
1.53034e+06,0.0238442
1.53161e+06,0.0232992
1.53289e+06,0.0233358
1.53416e+06,0.0235429
1.53544e+06,0.023591
1.53672e+06,0.0236764
1.538e+06,0.0234309
1.53928e+06,0.0237947
1.54056e+06,0.0236017
1.54184e+06,0.0235649
1.54313e+06,0.023305
1.54441e+06,0.0233423
1.5457e+06,0.0234254
1.54699e+06,0.0232487
1.54827e+06,0.0234997
1.54956e+06,0.023306
1.55085e+06,0.0231522
1.55214e+06,0.0233897
1.55344e+06,0.0231436
1.55473e+06,0.022976
1.55602e+06,0.0230794
1.55732e+06,0.0230059
1.55862e+06,0.0230689
1.55991e+06,0.0232156
1.56121e+06,0.0229338
1.56251e+06,0.0231255
1.56381e+06,0.0228308
1.56512e+06,0.0225552
1.56642e+06,0.0227397
1.56772e+06,0.0229816
1.56903e+06,0.0226631
1.57034e+06,0.0229651
1.57164e+06,0.0230741
1.57295e+06,0.0231659
1.57426e+06,0.0230546
1.57557e+06,0.0228018
1.57688e+06,0.0229725
1.5782e+06,0.0229596
1.57951e+06,0.0227704
1.58083e+06,0.0233305
1.58214e+06,0.0231018
1.58346e+06,0.0226998
1.58478e+06,0.0228942
1.5861e+06,0.0227761
1.58742e+06,0.0225236
1.58874e+06,0.0228037
1.59006e+06,0.0222681
1.59139e+06,0.0227298
1.59271e+06,0.0227778
1.59404e+06,0.0224005
1.59537e+06,0.0222622
1.59669e+06,0.022434
1.59802e+06,0.0228109
1.59935e+06,0.0226241
1.60069e+06,0.0232655
1.60202e+06,0.0227699
1.60335e+06,0.0228632
1.60469e+06,0.0227429
1.60602e+06,0.0230571
1.60736e+06,0.0226423
1.6087e+06,0.0225583
1.61004e+06,0.0225292
1.61138e+06,0.0226169
1.61272e+06,0.0218684
1.61406e+06,0.0228122
1.61541e+06,0.0228454
1.61675e+06,0.0218667
1.6181e+06,0.0218121
1.61945e+06,0.0221229
1.6208e+06,0.0223964
1.62214e+06,0.022525
1.6235e+06,0.0221855
1.62485e+06,0.0220439
1.6262e+06,0.0226297
1.62755e+06,0.0221277
1.62891e+06,0.0224167
1.63027e+06,0.021656
1.63162e+06,0.0226992
1.63298e+06,0.0220907
1.63434e+06,0.0223492
1.6357e+06,0.0222916
1.63706e+06,0.0219123
1.63843e+06,0.0215808
1.63979e+06,0.0225235
1.64116e+06,0.0228883
1.64252e+06,0.0220426
1.64389e+06,0.0223469
1.64526e+06,0.0226583
1.64663e+06,0.0223362
1.648e+06,0.0220034
1.64937e+06,0.0208184
1.65075e+06,0.0218281
1.65212e+06,0.021783
1.6535e+06,0.0211621
1.65487e+06,0.0213171
1.65625e+06,0.0209864
1.65763e+06,0.0212348
1.65901e+06,0.021284
1.66039e+06,0.0213523
1.66177e+06,0.0208779
1.66316e+06,0.0211742
1.66454e+06,0.0210137
1.66593e+06,0.0203366
1.66732e+06,0.0215282
1.6687e+06,0.0216624
1.67009e+06,0.0213196
1.67148e+06,0.0216354
1.67288e+06,0.0210984
1.67427e+06,0.0203526
1.67566e+06,0.0216352
1.67706e+06,0.021984
1.67845e+06,0.0211036
1.67985e+06,0.0203252
1.68125e+06,0.0206471
1.68265e+06,0.0210284
1.68405e+06,0.0204178
1.68545e+06,0.0214445
1.68686e+06,0.0207454
1.68826e+06,0.0208141
1.68967e+06,0.0212656
1.69107e+06,0.0220781
1.69248e+06,0.0220942
1.69389e+06,0.0216311
1.6953e+06,0.0211798
1.69671e+06,0.0207883
1.69813e+06,0.021236
1.69954e+06,0.0215108
1.70096e+06,0.0210524
1.70237e+06,0.020766
1.70379e+06,0.0208393
1.70521e+06,0.02025
1.70663e+06,0.020207
1.70805e+06,0.0199429
1.70947e+06,0.0203937
1.71089e+06,0.0213029
1.71232e+06,0.0208828
1.71374e+06,0.0212996
1.71517e+06,0.0200327
1.7166e+06,0.0214243
1.71803e+06,0.02074
1.71946e+06,0.0208487
1.72089e+06,0.0211837
1.72232e+06,0.0205868
1.72376e+06,0.0213061
1.72519e+06,0.0205782
1.72663e+06,0.0208322
1.72807e+06,0.0211082
1.72951e+06,0.021298
1.73095e+06,0.0210364
1.73239e+06,0.0205218
1.73383e+06,0.0201844
1.73527e+06,0.0199948
1.73672e+06,0.0215509
1.73817e+06,0.0204696
1.73961e+06,0.0218601
1.74106e+06,0.0219111
1.74251e+06,0.0208425
1.74396e+06,0.0203794
1.74541e+06,0.0199251
1.74687e+06,0.0211219
1.74832e+06,0.0199287
1.74978e+06,0.0193142
1.75123e+06,0.0203971
1.75269e+06,0.0202783
1.75415e+06,0.020078
1.75561e+06,0.0196085
1.75707e+06,0.0200665
1.75854e+06,0.020285
1.76e+06,0.0196336
1.76147e+06,0.0203381
1.76293e+06,0.0195479
1.7644e+06,0.0184083
1.76587e+06,0.0186627
1.76734e+06,0.0200717
1.76881e+06,0.0196805
1.77029e+06,0.0205801
1.77176e+06,0.0198123
1.77323e+06,0.0210949
1.77471e+06,0.0214871
1.77619e+06,0.0186645
1.77767e+06,0.0215799
1.77915e+06,0.0180804
1.78063e+06,0.020182
1.78211e+06,0.0189445
1.7836e+06,0.0191884
1.78508e+06,0.0206549
1.78657e+06,0.0193433
1.78805e+06,0.0171147
1.78954e+06,0.0178546
1.79103e+06,0.0193162
1.79252e+06,0.0176413
1.79402e+06,0.0198245
1.79551e+06,0.017016
1.79701e+06,0.0200631
1.7985e+06,0.0177707
1.8e+06,0.017797
