BPM,HRV,Angle,Current,Angle + Current,Spare,Spare,Spare,Spare,Spare
0,0,68.65,505.333333333333,573.983333333333,0,0,0,0,0
0,0,68.65,505.39,574.04,0,0,0,0,0
0,0,68.6466666666667,505.18,573.826666666667,0,0,0,0,0
0,0,68.64,505.213333333333,573.853333333333,0,0,0,0,0
0,0,68.6466666666667,505.28,573.926666666667,0,0,0,0,0
0,0,68.65,505.27,573.92,0,0,0,0,0
0,0,68.6033333333333,505.25,573.853333333333,0,0,0,0,0
0,0,68.58,505.27,573.85,0,0,0,0,0
0,0,68.23,505.28,573.51,0,0,0,0,0
0,0,68.1666666666667,505.4,573.566666666667,0,0,0,0,0
0,0,68.04,505.4,573.44,0,0,0,0,0
0,0,68.0333333333333,505.5,573.533333333333,0,0,0,0,0
0,0,68,505.46,573.46,0,0,0,0,0
0,0,67.94,505.44,573.38,0,0,0,0,0
0,0,67.6066666666667,505.38,572.986666666667,0,0,0,0,0
0,0,67.44,505.39,572.83,0,0,0,0,0
0,0,67.4,505.41,572.81,0,0,0,0,0
0,0,67.4,505.416666666667,572.816666666667,0,0,0,0,0
0,0,67.4,505.43,572.83,0,0,0,0,0
0,0,67.4,505.45,572.85,0,0,0,0,0
0,0,67.4,505.446666666667,572.846666666667,0,0,0,0,0
0,0,67.18,505.44,572.62,0,0,0,0,0
0,0,67.0566666666667,505.45,572.506666666667,0,0,0,0,0
0,0,66.81,505.45,572.26,0,0,0,0,0
0,0,66.8,505.45,572.25,0,0,0,0,0
0,0,66.78,505.473333333333,572.253333333333,0,0,0,0,0
0,0,66.78,505.52,572.3,0,0,0,0,0
0,0,66.7766666666667,505.47,572.246666666667,0,0,0,0,0
0,0,66.77,505.47,572.24,0,0,0,0,0
0,0,66.75,505.53,572.28,0,0,0,0,0
0,0,66.71,505.53,572.24,0,0,0,0,0
0,0,66.5966666666667,505.51,572.106666666667,0,0,0,0,0
0,0,66.54,505.49,572.03,0,0,0,0,0
0,0,66.33,505.48,571.81,0,0,0,0,0
0,0,66.33,505.5,571.83,0,0,0,0,0
0,0,66.26,505.51,571.77,0,0,0,0,0
0,0,66.26,505.46,571.72,0,0,0,0,0
0,0,66.19,505.44,571.63,0,0,0,0,0
0,0,66.17,505.4,571.57,0,0,0,0,0
0,0,66.16,505.433333333333,571.593333333333,0,0,0,0,0
0,0,66.16,505.5,571.66,0,0,0,0,0
0,0,66.16,505.496666666667,571.656666666667,0,0,0,0,0
0,0,66.15,505.49,571.64,0,0,0,0,0
0,0,66.15,505.49,571.64,0,0,0,0,0
0,0,66.15,505.49,571.64,0,0,0,0,0
0,0,66.1533333333333,505.56,571.713333333333,0,0,0,0,0
0,0,66.16,505.56,571.72,0,0,0,0,0
0,0,66.16,505.58,571.74,0,0,0,0,0
0,0,66.16,505.513333333333,571.673333333333,0,0,0,0,0
0,0,66.15,505.48,571.63,0,0,0,0,0
0,0,66.15,505.52,571.67,0,0,0,0,0
0,0,66.15,505.52,571.67,0,0,0,0,0
0,0,66.15,505.48,571.63,0,0,0,0,0
0,0,66.15,505.493333333333,571.643333333333,0,0,0,0,0
0,0,66.15,505.5,571.65,0,0,0,0,0
0,0,66.15,505.5,571.65,0,0,0,0,0
0,0,66.15,505.5,571.65,0,0,0,0,0
0,0,66.15,505.54,571.69,0,0,0,0,0
0,0,66.15,505.513333333333,571.663333333333,0,0,0,0,0
0,0,66.14,505.5,571.64,0,0,0,0,0
0,0,66.14,505.53,571.67,0,0,0,0,0
0,0,66.14,505.53,571.67,0,0,0,0,0
0,0,66.1366666666667,505.53,571.666666666667,0,0,0,0,0
0,0,66.13,505.506666666667,571.636666666667,0,0,0,0,0
0,0,66.1033333333333,505.46,571.563333333333,0,0,0,0,0
0,0,66.09,505.463333333333,571.553333333333,0,0,0,0,0
0,0,66.0566666666667,505.47,571.526666666667,0,0,0,0,0
0,0,66.04,505.466666666667,571.506666666667,0,0,0,0,0
0,0,66,505.46,571.46,0,0,0,0,0
0,0,65.98,505.53,571.51,0,0,0,0,0
0,0,65.9,505.53,571.43,0,0,0,0,0
0,0,65.8266666666667,505.51,571.336666666667,0,0,0,0,0
0,0,65.79,505.53,571.32,0,0,0,0,0
0,0,65.7366666666667,505.57,571.306666666667,0,0,0,0,0
0,0,65.7033333333333,505.53,571.233333333333,0,0,0,0,0
0,0,65.69,505.493333333333,571.183333333333,0,0,0,0,0
0,0,65.6433333333333,505.46,571.103333333333,0,0,0,0,0
0,0,65.55,505.46,571.01,0,0,0,0,0
0,0,65.53,505.46,570.99,0,0,0,0,0
0,0,65.5166666666667,505.44,570.956666666667,0,0,0,0,0
0,0,65.51,505.43,570.94,0,0,0,0,0
0,0,65.5166666666667,505.53,571.046666666667,0,0,0,0,0
0,0,65.53,505.516666666667,571.046666666667,0,0,0,0,0
0,0,65.5266666666667,505.49,571.016666666667,0,0,0,0,0
0,0,65.52,505.496666666667,571.016666666667,0,0,0,0,0
0,0,65.52,505.5,571.02,0,0,0,0,0
0,0,65.52,505.47,570.99,0,0,0,0,0
0,0,65.52,505.47,570.99,0,0,0,0,0
0,0,65.52,505.49,571.01,0,0,0,0,0
0,0,65.52,505.503333333333,571.023333333333,0,0,0,0,0
0,0,65.44,505.53,570.97,0,0,0,0,0
0,0,65.44,505.49,570.93,0,0,0,0,0
0,0,65.27,505.47,570.74,0,0,0,0,0
0,0,65.27,505.463333333333,570.733333333333,0,0,0,0,0
0,0,65.13,505.46,570.59,0,0,0,0,0
0,0,65.0633333333333,505.5,570.563333333333,0,0,0,0,0
0,0,65.03,505.48,570.51,0,0,0,0,0
0,0,64.95,505.47,570.42,0,0,0,0,0
0,0,64.95,505.47,570.42,0,0,0,0,0
0,0,64.91,505.47,570.38,0,0,0,0,0
0,0,64.91,505.5,570.41,0,0,0,0,0
0,0,64.91,505.496666666667,570.406666666667,0,0,0,0,0
0,0,64.9033333333333,505.49,570.393333333333,0,0,0,0,0
0,0,64.9,505.48,570.38,0,0,0,0,0
0,0,64.8933333333333,505.46,570.353333333333,0,0,0,0,0
0,0,64.8933333333333,505.48,570.373333333333,0,0,0,0,0
0,0,64.9,505.49,570.39,0,0,0,0,0
0,0,64.9066666666667,505.56,570.466666666667,0,0,0,0,0
0,0,64.91,505.543333333333,570.453333333333,0,0,0,0,0
0,0,64.9033333333333,505.51,570.413333333333,0,0,0,0,0
0,0,64.9,505.51,570.41,0,0,0,0,0
0,0,64.9,505.51,570.41,0,0,0,0,0
0,0,64.9,505.53,570.43,0,0,0,0,0
0,0,64.9,505.53,570.43,0,0,0,0,0
0,0,64.9,505.55,570.45,0,0,0,0,0
0,0,64.9,505.546666666667,570.446666666667,0,0,0,0,0
0,0,64.89,505.54,570.43,0,0,0,0,0
0,0,64.89,505.506666666667,570.396666666667,0,0,0,0,0
0,0,64.87,505.49,570.36,0,0,0,0,0
0,0,64.87,505.56,570.43,0,0,0,0,0
0,0,64.86,505.536666666667,570.396666666667,0,0,0,0,0
0,0,64.8133333333333,505.49,570.303333333333,0,0,0,0,0
0,0,64.79,505.526666666667,570.316666666667,0,0,0,0,0
0,0,64.7433333333333,505.6,570.343333333333,0,0,0,0,0
0,0,64.72,505.603333333333,570.323333333333,0,0,0,0,0
0,0,64.7333333333333,505.61,570.343333333333,0,0,0,0,0
0,0,64.6833333333333,505.6,570.283333333333,0,0,0,0,0
0,0,64.57,505.603333333333,570.173333333333,0,0,0,0,0
0,0,64.5366666666666,505.61,570.146666666667,0,0,0,0,0
0,0,64.52,505.606666666667,570.126666666667,0,0,0,0,0
0,0,64.4466666666667,505.6,570.046666666667,0,0,0,0,0
0,0,64.41,505.613333333333,570.023333333333,0,0,0,0,0
0,0,64.37,505.62,569.99,0,0,0,0,0
0,0,64.35,505.62,569.97,0,0,0,0,0
0,0,64.34,505.633333333333,569.973333333333,0,0,0,0,0
0,0,64.3333333333333,505.66,569.993333333333,0,0,0,0,0
0,0,64.33,505.653333333333,569.983333333333,0,0,0,0,0
0,0,64.38,505.64,570.02,0,0,0,0,0
0,0,64.39,505.69,570.08,0,0,0,0,0
0,0,64.41,505.69,570.1,0,0,0,0,0
0,0,64.4833333333333,505.74,570.223333333333,0,0,0,0,0
0,0,64.63,505.763333333333,570.393333333333,0,0,0,0,0
0,0,64.7833333333333,505.81,570.593333333333,0,0,0,0,0
0,0,64.86,505.803333333333,570.663333333333,0,0,0,0,0
0,0,64.9,505.8,570.7,0,0,0,0,0
0,0,64.9,505.786666666667,570.686666666667,0,0,0,0,0
0,0,64.9,505.78,570.68,0,0,0,0,0
0,0,64.93,505.88,570.81,0,0,0,0,0
0,0,64.99,505.876666666667,570.866666666667,0,0,0,0,0
0,0,65.4,505.87,571.27,0,0,0,0,0
0,0,65.4,505.89,571.29,0,0,0,0,0
0,0,65.52,505.9,571.42,0,0,0,0,0
0,0,65.71,505.933333333333,571.643333333333,0,0,0,0,0
0,0,66.09,505.933333333333,572.023333333333,0,0,0,0,0
0,0,66.1366666666667,505.9,572.036666666667,0,0,0,0,0
0,0,66.16,505.933333333333,572.093333333333,0,0,0,0,0
0,0,66.77,505.95,572.72,0,0,0,0,0
0,0,66.98,506.016666666667,572.996666666667,0,0,0,0,0
0,0,67.4,506.05,573.45,0,0,0,0,0
0,0,67.4,506.06,573.46,0,0,0,0,0
0,0,67.4,506.06,573.46,0,0,0,0,0
0,0,67.6066666666667,506.05,573.656666666667,0,0,0,0,0
0,0,68.02,506.063333333333,574.083333333333,0,0,0,0,0
0,0,68.54,506.09,574.63,0,0,0,0,0
0,0,68.5733333333333,506.03,574.603333333333,0,0,0,0,0
0,0,68.64,506.03,574.67,0,0,0,0,0
0,0,68.65,506.06,574.71,0,0,0,0,0
0,0,68.67,506.06,574.73,0,0,0,0,0
0,0,69.03,506.07,575.1,0,0,0,0,0
0,0,69.21,506.096666666667,575.306666666667,0,0,0,0,0
0,0,69.29,506.11,575.4,0,0,0,0,0
0,0,69.29,506.096666666667,575.386666666667,0,0,0,0,0
0,0,69.42,506.09,575.51,0,0,0,0,0
0,0,69.5266666666667,506.06,575.586666666667,0,0,0,0,0
0,0,69.74,506.06,575.8,0,0,0,0,0
0,0,69.82,506.06,575.88,0,0,0,0,0
0,0,69.86,506.08,575.94,0,0,0,0,0
0,0,69.89,506.09,575.98,0,0,0,0,0
0,0,69.89,506.09,575.98,0,0,0,0,0
0,0,69.89,506.073333333333,575.963333333333,0,0,0,0,0
0,0,69.8833333333333,506.04,575.923333333333,0,0,0,0,0
0,0,69.88,506.06,575.94,0,0,0,0,0
0,0,69.89,506.1,575.99,0,0,0,0,0
0,0,69.89,506.12,576.01,0,0,0,0,0
0,0,69.89,506.13,576.02,0,0,0,0,0
0,0,69.89,506.13,576.02,0,0,0,0,0
0,0,69.89,506.13,576.02,0,0,0,0,0
0,0,69.89,506.09,575.98,0,0,0,0,0
0,0,69.89,506.103333333333,575.993333333333,0,0,0,0,0
0,0,69.89,506.13,576.02,0,0,0,0,0
0,0,69.89,506.116666666667,576.006666666667,0,0,0,0,0
0,0,69.89,506.11,576,0,0,0,0,0
0,0,69.9,506.15,576.05,0,0,0,0,0
0,0,69.92,506.15,576.07,0,0,0,0,0
0,0,70.0133333333333,506.09,576.103333333333,0,0,0,0,0
0,0,70.06,506.11,576.17,0,0,0,0,0
0,0,70.38,506.12,576.5,0,0,0,0,0
0,0,70.38,506.12,576.5,0,0,0,0,0
0,0,70.51,506.12,576.63,0,0,0,0,0
0,0,70.5133333333333,506.12,576.633333333333,0,0,0,0,0
0,0,70.52,506.116666666667,576.636666666667,0,0,0,0,0
0,0,70.5133333333333,506.11,576.623333333333,0,0,0,0,0
0,0,70.51,506.123333333333,576.633333333333,0,0,0,0,0
0,0,70.5233333333333,506.15,576.673333333333,0,0,0,0,0
0,0,70.53,506.136666666667,576.666666666667,0,0,0,0,0
0,0,70.82,506.11,576.93,0,0,0,0,0
0,0,70.9233333333333,506.14,577.063333333333,0,0,0,0,0
0,0,71.13,506.15,577.28,0,0,0,0,0
0,0,71.1433333333333,506.17,577.313333333333,0,0,0,0,0
0,0,71.15,506.16,577.31,0,0,0,0,0
0,0,71.15,506.14,577.29,0,0,0,0,0
0,0,71.19,506.1,577.29,0,0,0,0,0
0,0,71.27,506.1,577.37,0,0,0,0,0
0,0,71.55,506.17,577.72,0,0,0,0,0
0,0,71.69,506.17,577.86,0,0,0,0,0
0,0,71.77,506.17,577.94,0,0,0,0,0
0,0,71.7733333333333,506.21,577.983333333333,0,0,0,0,0
0,0,71.78,506.21,577.99,0,0,0,0,0
0,0,71.7733333333333,506.12,577.893333333333,0,0,0,0,0
0,0,71.76,506.126666666667,577.886666666667,0,0,0,0,0
0,0,71.7666666666667,506.14,577.906666666667,0,0,0,0,0
0,0,71.77,506.113333333333,577.883333333333,0,0,0,0,0
0,0,71.76,506.1,577.86,0,0,0,0,0
0,0,71.7633333333333,506.14,577.903333333333,0,0,0,0,0
0,0,71.77,506.133333333333,577.903333333333,0,0,0,0,0
0,0,71.7633333333333,506.12,577.883333333333,0,0,0,0,0
0,0,71.76,506.153333333333,577.913333333333,0,0,0,0,0
0,0,71.77,506.17,577.94,0,0,0,0,0
0,0,71.7666666666667,506.11,577.876666666667,0,0,0,0,0
0,0,71.76,506.11,577.87,0,0,0,0,0
0,0,71.76,506.1,577.86,0,0,0,0,0
0,0,71.76,506.116666666667,577.876666666667,0,0,0,0,0
0,0,71.78,506.15,577.93,0,0,0,0,0
0,0,71.78,506.17,577.95,0,0,0,0,0
0,0,71.8,506.18,577.98,0,0,0,0,0
0,0,71.8,506.186666666667,577.986666666667,0,0,0,0,0
0,0,71.81,506.19,578,0,0,0,0,0
0,0,71.8366666666667,506.19,578.026666666667,0,0,0,0,0
0,0,71.85,506.176666666667,578.026666666667,0,0,0,0,0
0,0,71.93,506.17,578.1,0,0,0,0,0
0,0,71.93,506.13,578.06,0,0,0,0,0
0,0,71.94,506.11,578.05,0,0,0,0,0
0,0,72.01,506.18,578.19,0,0,0,0,0
0,0,72.15,506.176666666667,578.326666666667,0,0,0,0,0
0,0,72.25,506.17,578.42,0,0,0,0,0
0,0,72.3,506.136666666667,578.436666666667,0,0,0,0,0
0,0,72.3533333333333,506.07,578.423333333333,0,0,0,0,0
0,0,72.3833333333333,506.15,578.533333333333,0,0,0,0,0
0,0,72.39,506.15,578.54,0,0,0,0,0
0,0,72.3833333333333,506.02,578.403333333333,0,0,0,0,0
0,0,72.37,506.02,578.39,0,0,0,0,0
0,0,72.3833333333333,506.1,578.483333333333,0,0,0,0,0
0,0,72.43,506.126666666667,578.556666666667,0,0,0,0,0
0,0,72.51,506.14,578.65,0,0,0,0,0
0,0,72.6266666666667,506.13,578.756666666667,0,0,0,0,0
0,0,72.86,506.13,578.99,0,0,0,0,0
0,0,72.96,506.19,579.15,0,0,0,0,0
0,0,73.01,506.21,579.22,0,0,0,0,0
0,0,73.02,506.22,579.24,0,0,0,0,0
0,0,73.0233333333333,506.23,579.253333333333,0,0,0,0,0
0,0,73.03,506.23,579.26,0,0,0,0,0
0,0,73.0966666666667,506.21,579.306666666667,0,0,0,0,0
0,0,73.23,506.19,579.42,0,0,0,0,0
0,0,73.58,506.18,579.76,0,0,0,0,0
0,0,73.6,506.19,579.79,0,0,0,0,0
0,0,73.64,506.19,579.83,0,0,0,0,0
0,0,73.64,506.18,579.82,0,0,0,0,0
0,0,73.64,506.24,579.88,0,0,0,0,0
0,0,73.64,506.27,579.91,0,0,0,0,0
0,0,73.6466666666667,506.23,579.876666666667,0,0,0,0,0
0,0,73.66,506.23,579.89,0,0,0,0,0
0,0,73.7866666666667,506.17,579.956666666667,0,0,0,0,0
0,0,73.85,506.216666666667,580.066666666667,0,0,0,0,0
0,0,74.2,506.24,580.44,0,0,0,0,0
0,0,74.2,506.28,580.48,0,0,0,0,0
0,0,74.25,506.28,580.53,0,0,0,0,0
0,0,74.2566666666667,506.38,580.636666666667,0,0,0,0,0
0,0,74.27,506.343333333333,580.613333333333,0,0,0,0,0
0,0,74.68,506.24,580.92,0,0,0,0,0
0,0,74.6,506.24,580.84,0,0,0,0,0
0,0,74.6,506.306666666667,580.906666666667,0,0,0,0,0
0,0,74.68,506.34,581.02,0,0,0,0,0
0,0,74.7733333333333,506.21,580.983333333333,0,0,0,0,0
0,0,74.82,506.243333333333,581.063333333333,0,0,0,0,0
0,0,74.88,506.26,581.14,0,0,0,0,0
0,0,74.88,506.286666666667,581.166666666667,0,0,0,0,0
0,0,74.89,506.3,581.19,0,0,0,0,0
0,0,74.89,506.33,581.22,0,0,0,0,0
0,0,74.89,506.34,581.23,0,0,0,0,0
0,0,74.89,506.36,581.25,0,0,0,0,0
0,0,74.89,506.386666666667,581.276666666667,0,0,0,0,0
0,0,74.9,506.4,581.3,0,0,0,0,0
0,0,74.8966666666667,506.36,581.256666666667,0,0,0,0,0
0,0,74.89,506.396666666667,581.286666666667,0,0,0,0,0
0,0,74.9,506.47,581.37,0,0,0,0,0
0,0,74.9,506.463333333333,581.363333333333,0,0,0,0,0
0,0,74.89,506.46,581.35,0,0,0,0,0
0,0,74.9,506.44,581.34,0,0,0,0,0
0,0,74.92,506.466666666667,581.386666666667,0,0,0,0,0
0,0,75.02,506.52,581.54,0,0,0,0,0
0,0,75.07,506.52,581.59,0,0,0,0,0
0,0,75.25,506.52,581.77,0,0,0,0,0
0,0,75.39,506.48,581.87,0,0,0,0,0
0,0,75.49,506.51,582,0,0,0,0,0
0,0,75.51,506.57,582.08,0,0,0,0,0
0,0,75.52,506.56,582.08,0,0,0,0,0
0,0,75.5133333333333,506.54,582.053333333333,0,0,0,0,0
0,0,75.51,506.56,582.07,0,0,0,0,0
0,0,75.51,506.59,582.1,0,0,0,0,0
0,0,75.5166666666667,506.65,582.166666666667,0,0,0,0,0
0,0,75.52,506.633333333333,582.153333333333,0,0,0,0,0
0,0,75.5266666666667,506.6,582.126666666667,0,0,0,0,0
0,0,75.5766666666667,506.553333333333,582.13,0,0,0,0,0
0,0,75.67,506.56,582.23,0,0,0,0,0
0,0,75.7933333333333,506.62,582.413333333333,0,0,0,0,0
0,0,76.04,506.606666666667,582.646666666667,0,0,0,0,0
0,0,76.1,506.58,582.68,0,0,0,0,0
0,0,76.13,506.613333333333,582.743333333333,0,0,0,0,0
0,0,76.13,506.643333333333,582.773333333333,0,0,0,0,0
0,0,76.15,506.67,582.82,0,0,0,0,0
0,0,76.16,506.656666666667,582.816666666667,0,0,0,0,0
0,0,76.3333333333333,506.63,582.963333333333,0,0,0,0,0
0,0,76.53,506.65,583.18,0,0,0,0,0
0,0,76.75,506.66,583.41,0,0,0,0,0
0,0,76.75,506.64,583.39,0,0,0,0,0
0,0,76.75,506.666666666667,583.416666666667,0,0,0,0,0
0,0,76.8166666666667,506.72,583.536666666667,0,0,0,0,0
0,0,77.0133333333333,506.72,583.733333333333,0,0,0,0,0
0,0,77.34,506.72,584.06,0,0,0,0,0
0,0,77.3566666666667,506.77,584.126666666667,0,0,0,0,0
0,0,77.39,506.77,584.16,0,0,0,0,0
0,0,77.3866666666667,506.72,584.106666666667,0,0,0,0,0
0,0,77.38,506.726666666667,584.106666666667,0,0,0,0,0
0,0,77.39,506.74,584.13,0,0,0,0,0
0,0,77.39,506.76,584.15,0,0,0,0,0
0,0,77.5,506.76,584.26,0,0,0,0,0
0,0,77.5,506.8,584.3,0,0,0,0,0
0,0,77.76,506.8,584.56,0,0,0,0,0
0,0,77.9133333333333,506.76,584.673333333333,0,0,0,0,0
0,0,77.99,506.766666666667,584.756666666667,0,0,0,0,0
0,0,78.01,506.77,584.78,0,0,0,0,0
0,0,78.01,506.743333333333,584.753333333333,0,0,0,0,0
0,0,78,506.73,584.73,0,0,0,0,0
0,0,78.0033333333333,506.756666666667,584.76,0,0,0,0,0
0,0,78.01,506.746666666667,584.756666666667,0,0,0,0,0
0,0,78.1566666666667,506.7,584.856666666667,0,0,0,0,0
0,0,78.23,506.716666666667,584.946666666667,0,0,0,0,0
0,0,78.4966666666667,506.75,585.246666666667,0,0,0,0,0
0,0,78.63,506.75,585.38,0,0,0,0,0
0,0,78.63,506.766666666667,585.396666666667,0,0,0,0,0
0,0,78.75,506.8,585.55,0,0,0,0,0
0,0,78.81,506.806666666667,585.616666666667,0,0,0,0,0
0,0,79.11,506.82,585.93,0,0,0,0,0
0,0,79.26,506.793333333333,586.053333333333,0,0,0,0,0
0,0,79.54,506.78,586.32,0,0,0,0,0
0,0,79.6533333333333,506.77,586.423333333333,0,0,0,0,0
0,0,79.88,506.77,586.65,0,0,0,0,0
0,0,79.8866666666667,506.81,586.696666666667,0,0,0,0,0
0,0,79.9,506.803333333333,586.703333333333,0,0,0,0,0
0,0,80.49,506.79,587.28,0,0,0,0,0
0,0,80.4933333333333,506.76,587.253333333333,0,0,0,0,0
0,0,80.5,506.76,587.26,0,0,0,0,0
0,0,80.65,506.76,587.41,0,0,0,0,0
0,0,80.95,506.746666666667,587.696666666667,0,0,0,0,0
0,0,81.0633333333333,506.72,587.783333333333,0,0,0,0,0
0,0,81.12,506.78,587.9,0,0,0,0,0
0,0,81.36,506.78,588.14,0,0,0,0,0
0,0,81.36,506.78,588.14,0,0,0,0,0
0,0,81.75,506.78,588.53,0,0,0,0,0
0,0,81.7766666666667,506.76,588.536666666667,0,0,0,0,0
0,0,81.79,506.773333333333,588.563333333333,0,0,0,0,0
0,0,82.13,506.78,588.91,0,0,0,0,0
0,0,82.13,506.66,588.79,0,0,0,0,0
0,0,82.36,506.66,589.02,0,0,0,0,0
0,0,82.3666666666667,506.75,589.116666666667,0,0,0,0,0
0,0,82.37,506.736666666667,589.106666666667,0,0,0,0,0
0,0,82.38,506.73,589.11,0,0,0,0,0
0,0,82.38,506.73,589.11,0,0,0,0,0
0,0,82.58,506.73,589.31,0,0,0,0,0
0,0,82.7133333333333,506.69,589.403333333333,0,0,0,0,0
0,0,82.98,506.716666666667,589.696666666667,0,0,0,0,0
0,0,83,506.73,589.73,0,0,0,0,0
0,0,83,506.75,589.75,0,0,0,0,0
0,0,83.01,506.76,589.77,0,0,0,0,0
0,0,83.0633333333333,506.773333333333,589.836666666667,0,0,0,0,0
0,0,83.17,506.783333333333,589.953333333333,0,0,0,0,0
0,0,83.57,506.79,590.36,0,0,0,0,0
0,0,83.57,506.79,590.36,0,0,0,0,0
0,0,83.63,506.79,590.42,0,0,0,0,0
0,0,83.6266666666667,506.763333333333,590.39,0,0,0,0,0
0,0,83.62,506.76,590.38,0,0,0,0,0
0,0,83.63,506.78,590.41,0,0,0,0,0
0,0,83.63,506.78,590.41,0,0,0,0,0
0,0,83.64,506.78,590.42,0,0,0,0,0
0,0,83.68,506.76,590.44,0,0,0,0,0
0,0,83.76,506.766666666667,590.526666666667,0,0,0,0,0
0,0,84.11,506.78,590.89,0,0,0,0,0
0,0,84.11,506.786666666667,590.896666666667,0,0,0,0,0
0,0,84.25,506.79,591.04,0,0,0,0,0
0,0,84.25,506.78,591.03,0,0,0,0,0
0,0,84.25,506.783333333333,591.033333333333,0,0,0,0,0
0,0,84.25,506.79,591.04,0,0,0,0,0
0,0,84.25,506.796666666667,591.046666666667,0,0,0,0,0
0,0,84.26,506.8,591.06,0,0,0,0,0
0,0,84.27,506.8,591.07,0,0,0,0,0
0,0,84.29,506.8,591.09,0,0,0,0,0
0,0,84.3366666666667,506.8,591.136666666667,0,0,0,0,0
0,0,84.36,506.726666666667,591.086666666667,0,0,0,0,0
0,0,84.69,506.69,591.38,0,0,0,0,0
0,0,84.69,506.71,591.4,0,0,0,0,0
0,0,84.86,506.73,591.59,0,0,0,0,0
0,0,84.8666666666667,506.75,591.616666666667,0,0,0,0,0
0,0,84.87,506.74,591.61,0,0,0,0,0
0,0,84.87,506.72,591.59,0,0,0,0,0
0,0,84.87,506.72,591.59,0,0,0,0,0
0,0,84.87,506.72,591.59,0,0,0,0,0
0,0,84.9066666666667,506.76,591.666666666667,0,0,0,0,0
0,0,84.98,506.76,591.74,0,0,0,0,0
0,0,85.1233333333333,506.73,591.853333333333,0,0,0,0,0
0,0,85.41,506.73,592.14,0,0,0,0,0
0,0,85.47,506.79,592.26,0,0,0,0,0
0,0,85.5,506.77,592.27,0,0,0,0,0
0,0,85.5,506.76,592.26,0,0,0,0,0
0,0,85.56,506.72,592.28,0,0,0,0,0
0,0,85.68,506.72,592.4,0,0,0,0,0
0,0,85.8266666666667,506.76,592.586666666667,0,0,0,0,0
0,0,86.12,506.78,592.9,0,0,0,0,0
0,0,86.19,506.79,592.98,0,0,0,0,0
0,0,86.19,506.79,592.98,0,0,0,0,0
0,0,86.75,506.79,593.54,0,0,0,0,0
0,0,86.75,506.796666666667,593.546666666667,0,0,0,0,0
0,0,87.37,506.806666666667,594.176666666667,0,0,0,0,0
0,0,87.3766666666667,506.82,594.196666666667,0,0,0,0,0
0,0,87.38,506.806666666667,594.186666666667,0,0,0,0,0
0,0,87.7866666666667,506.78,594.566666666667,0,0,0,0,0
0,0,87.99,506.786666666667,594.776666666667,0,0,0,0,0
0,0,88.62,506.79,595.41,0,0,0,0,0
0,0,88.6333333333333,506.78,595.413333333333,0,0,0,0,0
0,0,88.64,506.766666666667,595.406666666667,0,0,0,0,0
0,0,89.24,506.76,596,0,0,0,0,0
0,0,89.24,506.786666666667,596.026666666667,0,0,0,0,0
0,0,89.84,506.8,596.64,0,0,0,0,0
0,0,89.8533333333333,506.73,596.583333333333,0,0,0,0,0
0,0,89.86,506.76,596.62,0,0,0,0,0
0,0,89.8733333333333,506.82,596.693333333333,0,0,0,0,0
0,0,89.88,506.8,596.68,0,0,0,0,0
0,0,90.48,506.76,597.24,0,0,0,0,0
0,0,90.4866666666667,506.71,597.196666666667,0,0,0,0,0
0,0,90.5,506.71,597.21,0,0,0,0,0
0,0,90.7033333333333,506.76,597.463333333333,0,0,0,0,0
0,0,91.11,506.76,597.87,0,0,0,0,0
0,0,91.5233333333333,506.76,598.283333333333,0,0,0,0,0
0,0,91.7333333333333,506.773333333333,598.506666666667,0,0,0,0,0
0,0,91.74,506.78,598.52,0,0,0,0,0
0,0,91.9466666666667,506.79,598.736666666667,0,0,0,0,0
0,0,92.36,506.79,599.15,0,0,0,0,0
0,0,92.4733333333333,506.71,599.183333333333,0,0,0,0,0
0,0,92.53,506.736666666667,599.266666666667,0,0,0,0,0
0,0,92.98,506.75,599.73,0,0,0,0,0
0,0,92.98,506.8,599.78,0,0,0,0,0
0,0,93.39,506.8,600.19,0,0,0,0,0
0,0,93.4633333333333,506.75,600.213333333333,0,0,0,0,0
0,0,93.61,506.77,600.38,0,0,0,0,0
0,0,93.62,506.81,600.43,0,0,0,0,0
0,0,93.62,506.783333333333,600.403333333333,0,0,0,0,0
0,0,93.71,506.77,600.48,0,0,0,0,0
0,0,93.88,506.776666666667,600.656666666667,0,0,0,0,0
0,0,94.22,506.726666666667,600.946666666667,0,0,0,0,0
0,0,94.2133333333333,506.62,600.833333333333,0,0,0,0,0
0,0,94.21,506.693333333333,600.903333333333,0,0,0,0,0
0,0,94.39,506.73,601.12,0,0,0,0,0
0,0,94.39,506.736666666667,601.126666666667,0,0,0,0,0
0,0,94.84,506.74,601.58,0,0,0,0,0
0,0,94.8466666666667,506.75,601.596666666667,0,0,0,0,0
0,0,94.85,506.763333333333,601.613333333333,0,0,0,0,0
0,0,94.86,506.77,601.63,0,0,0,0,0
0,0,94.86,506.796666666667,601.656666666667,0,0,0,0,0
0,0,94.86,506.81,601.67,0,0,0,0,0
0,0,94.87,506.8,601.67,0,0,0,0,0
0,0,94.89,506.8,601.69,0,0,0,0,0
0,0,95.0233333333334,506.75,601.773333333333,0,0,0,0,0
0,0,95.09,506.773333333333,601.863333333333,0,0,0,0,0
0,0,95.33,506.82,602.15,0,0,0,0,0
0,0,95.3666666666667,506.8,602.166666666667,0,0,0,0,0
0,0,95.44,506.776666666667,602.216666666667,0,0,0,0,0
0,0,95.4533333333333,506.73,602.183333333333,0,0,0,0,0
0,0,95.46,506.753333333333,602.213333333333,0,0,0,0,0
0,0,95.4666666666667,506.8,602.266666666667,0,0,0,0,0
0,0,95.47,506.78,602.25,0,0,0,0,0
0,0,95.46,506.77,602.23,0,0,0,0,0
0,0,95.46,506.75,602.21,0,0,0,0,0
0,0,95.46,506.75,602.21,0,0,0,0,0
0,0,95.4633333333333,506.81,602.273333333333,0,0,0,0,0
0,0,95.47,506.8,602.27,0,0,0,0,0
0,0,95.46,506.78,602.24,0,0,0,0,0
0,0,95.4866666666667,506.8,602.286666666667,0,0,0,0,0
0,0,95.54,506.8,602.34,0,0,0,0,0
0,0,95.6066666666667,506.88,602.486666666667,0,0,0,0,0
0,0,95.74,506.883333333333,602.623333333333,0,0,0,0,0
0,0,96.06,506.89,602.95,0,0,0,0,0
0,0,96.06,506.87,602.93,0,0,0,0,0
0,0,96.09,506.87,602.96,0,0,0,0,0
0,0,96.09,506.94,603.03,0,0,0,0,0
0,0,96.09,506.946666666667,603.036666666667,0,0,0,0,0
0,0,96.09,506.96,603.05,0,0,0,0,0
0,0,96.09,506.973333333333,603.063333333333,0,0,0,0,0
0,0,96.14,506.98,603.12,0,0,0,0,0
0,0,96.14,506.98,603.12,0,0,0,0,0
0,0,96.51,506.98,603.49,0,0,0,0,0
0,0,96.58,507.06,603.64,0,0,0,0,0
0,0,96.72,507.093333333333,603.813333333333,0,0,0,0,0
0,0,96.73,507.16,603.89,0,0,0,0,0
0,0,96.73,507.166666666667,603.896666666667,0,0,0,0,0
0,0,96.74,507.17,603.91,0,0,0,0,0
0,0,96.8766666666667,507.13,604.006666666667,0,0,0,0,0
0,0,97.15,507.13,604.28,0,0,0,0,0
0,0,97.2133333333333,507.16,604.373333333333,0,0,0,0,0
0,0,97.34,507.16,604.5,0,0,0,0,0
0,0,97.34,507.15,604.49,0,0,0,0,0
0,0,97.34,507.173333333333,604.513333333333,0,0,0,0,0
0,0,97.46,507.22,604.68,0,0,0,0,0
0,0,97.46,507.19,604.65,0,0,0,0,0
0,0,97.96,507.19,605.15,0,0,0,0,0
0,0,97.96,507.22,605.18,0,0,0,0,0
0,0,97.97,507.213333333333,605.183333333333,0,0,0,0,0
0,0,98.2633333333333,507.2,605.463333333333,0,0,0,0,0
0,0,98.41,507.233333333333,605.643333333333,0,0,0,0,0
0,0,98.59,507.25,605.84,0,0,0,0,0
0,0,98.59,507.27,605.86,0,0,0,0,0
0,0,98.61,507.28,605.89,0,0,0,0,0
0,0,98.9966666666667,507.26,606.256666666667,0,0,0,0,0
0,0,99.19,507.266666666667,606.456666666667,0,0,0,0,0
0,0,99.21,507.28,606.49,0,0,0,0,0
0,0,99.22,507.276666666667,606.496666666667,0,0,0,0,0
0,0,99.2866666666667,507.27,606.556666666667,0,0,0,0,0
0,0,99.4933333333333,507.303333333333,606.796666666667,0,0,0,0,0
0,0,99.84,507.323333333333,607.163333333333,0,0,0,0,0
0,0,99.8466666666667,507.33,607.176666666667,0,0,0,0,0
0,0,99.85,507.336666666667,607.186666666667,0,0,0,0,0
0,0,99.8566666666667,507.35,607.206666666667,0,0,0,0,0
0,0,99.86,507.343333333333,607.203333333333,0,0,0,0,0
0,0,100.22,507.34,607.56,0,0,0,0,0
0,0,100.303333333333,507.36,607.663333333333,0,0,0,0,0
0,0,100.47,507.36,607.83,0,0,0,0,0
0,0,100.473333333333,507.41,607.883333333333,0,0,0,0,0
0,0,100.48,507.396666666667,607.876666666667,0,0,0,0,0
0,0,100.48,507.37,607.85,0,0,0,0,0
0,0,100.53,507.3,607.83,0,0,0,0,0
0,0,100.63,507.3,607.93,0,0,0,0,0
0,0,100.776666666667,507.32,608.096666666667,0,0,0,0,0
0,0,101.07,507.32,608.39,0,0,0,0,0
0,0,101.09,507.32,608.41,0,0,0,0,0
0,0,101.103333333333,507.35,608.453333333333,0,0,0,0,0
0,0,101.13,507.35,608.48,0,0,0,0,0
0,0,101.323333333333,507.35,608.673333333333,0,0,0,0,0
0,0,101.71,507.37,609.08,0,0,0,0,0
0,0,101.73,507.41,609.14,0,0,0,0,0
0,0,101.9,507.35,609.25,0,0,0,0,0
0,0,102.24,507.35,609.59,0,0,0,0,0
0,0,102.276666666667,507.4,609.676666666667,0,0,0,0,0
0,0,102.35,507.39,609.74,0,0,0,0,0
0,0,102.87,507.37,610.24,0,0,0,0,0
0,0,102.91,507.41,610.32,0,0,0,0,0
0,0,102.99,507.41,610.4,0,0,0,0,0
0,0,103.183333333333,507.27,610.453333333333,0,0,0,0,0
0,0,103.57,507.29,610.86,0,0,0,0,0
0,0,104.14,507.33,611.47,0,0,0,0,0
0,0,104.14,507.37,611.51,0,0,0,0,0
0,0,104.22,507.37,611.59,0,0,0,0,0
0,0,104.22,507.34,611.56,0,0,0,0,0
0,0,104.83,507.34,612.17,0,0,0,0,0
0,0,105.256666666667,507.4,612.656666666667,0,0,0,0,0
0,0,105.47,507.38,612.85,0,0,0,0,0
0,0,105.67,507.37,613.04,0,0,0,0,0
0,0,105.67,507.39,613.06,0,0,0,0,0
0,0,106.09,507.4,613.49,0,0,0,0,0
0,0,106.16,507.36,613.52,0,0,0,0,0
0,0,106.3,507.373333333333,613.673333333333,0,0,0,0,0
0,0,106.58,507.4,613.98,0,0,0,0,0
0,0,106.72,507.38,614.1,0,0,0,0,0
0,0,106.72,507.37,614.09,0,0,0,0,0
0,0,106.89,507.363333333333,614.253333333333,0,0,0,0,0
0,0,107.23,507.373333333333,614.603333333333,0,0,0,0,0
0,0,107.303333333333,507.4,614.703333333333,0,0,0,0,0
0,0,107.34,507.413333333333,614.753333333333,0,0,0,0,0
0,0,107.346666666667,507.44,614.786666666667,0,0,0,0,0
0,0,107.35,507.413333333333,614.763333333333,0,0,0,0,0
0,0,107.44,507.4,614.84,0,0,0,0,0
0,0,107.786666666667,507.4,615.186666666667,0,0,0,0,0
0,0,107.96,507.4,615.36,0,0,0,0,0
0,0,107.973333333333,507.4,615.373333333333,0,0,0,0,0
0,0,107.98,507.333333333333,615.313333333333,0,0,0,0,0
0,0,108.56,507.3,615.86,0,0,0,0,0
0,0,108.566666666667,507.36,615.926666666667,0,0,0,0,0
0,0,108.58,507.36,615.94,0,0,0,0,0
0,0,108.756666666667,507.36,616.116666666667,0,0,0,0,0
0,0,109.11,507.386666666667,616.496666666667,0,0,0,0,0
0,0,109.33,507.44,616.77,0,0,0,0,0
0,0,109.44,507.44,616.88,0,0,0,0,0
0,0,109.85,507.44,617.29,0,0,0,0,0
0,0,109.85,507.433333333333,617.283333333333,0,0,0,0,0
0,0,109.85,507.43,617.28,0,0,0,0,0
0,0,109.863333333333,507.46,617.323333333333,0,0,0,0,0
0,0,109.89,507.45,617.34,0,0,0,0,0
0,0,110.276666666667,507.43,617.706666666667,0,0,0,0,0
0,0,110.47,507.42,617.89,0,0,0,0,0
0,0,110.543333333333,507.4,617.943333333333,0,0,0,0,0
0,0,110.58,507.413333333333,617.993333333333,0,0,0,0,0
0,0,111.09,507.42,618.51,0,0,0,0,0
0,0,111.49,507.42,618.91,0,0,0,0,0
0,0,111.69,507.376666666667,619.066666666667,0,0,0,0,0
0,0,111.69,507.29,618.98,0,0,0,0,0
0,0,111.69,507.376666666667,619.066666666667,0,0,0,0,0
0,0,112.23,507.4,619.63,0,0,0,0,0
0,0,112.296666666667,507.36,619.656666666667,0,0,0,0,0
0,0,112.33,507.36,619.69,0,0,0,0,0
0,0,112.73,507.36,620.09,0,0,0,0,0
0,0,112.93,507.38,620.31,0,0,0,0,0
0,0,113.2,507.37,620.57,0,0,0,0,0
0,0,113.323333333333,507.33,620.653333333333,0,0,0,0,0
0,0,113.57,507.346666666667,620.916666666667,0,0,0,0,0
0,0,113.783333333333,507.38,621.163333333333,0,0,0,0,0
0,0,113.89,507.386666666667,621.276666666667,0,0,0,0,0
0,0,114.21,507.4,621.61,0,0,0,0,0
0,0,114.21,507.406666666667,621.616666666667,0,0,0,0,0
0,0,114.83,507.41,622.24,0,0,0,0,0
0,0,114.83,507.39,622.22,0,0,0,0,0
0,0,114.83,507.39,622.22,0,0,0,0,0
0,0,115.243333333333,507.39,622.633333333333,0,0,0,0,0
0,0,115.45,507.393333333333,622.843333333333,0,0,0,0,0
0,0,115.45,507.4,622.85,0,0,0,0,0
0,0,115.45,507.38,622.83,0,0,0,0,0
0,0,115.823333333333,507.34,623.163333333333,0,0,0,0,0
0,0,116.01,507.353333333333,623.363333333333,0,0,0,0,0
0,0,116.06,507.393333333333,623.453333333333,0,0,0,0,0
0,0,116.453333333333,507.46,623.913333333333,0,0,0,0,0
0,0,116.65,507.453333333333,624.103333333333,0,0,0,0,0
0,0,116.7,507.44,624.14,0,0,0,0,0
0,0,116.7,507.453333333333,624.153333333333,0,0,0,0,0
0,0,117.07,507.446666666667,624.516666666667,0,0,0,0,0
0,0,117.23,507.42,624.65,0,0,0,0,0
0,0,117.31,507.413333333333,624.723333333333,0,0,0,0,0
0,0,117.33,507.41,624.74,0,0,0,0,0
0,0,117.33,507.483333333333,624.813333333333,0,0,0,0,0
0,0,117.95,507.49,625.44,0,0,0,0,0
0,0,117.97,507.43,625.4,0,0,0,0,0
0,0,117.98,507.51,625.49,0,0,0,0,0
0,0,118.57,507.55,626.12,0,0,0,0,0
0,0,118.57,507.516666666667,626.086666666667,0,0,0,0,0
0,0,118.56,507.53,626.09,0,0,0,0,0
0,0,118.86,507.59,626.45,0,0,0,0,0
0,0,119.01,507.606666666667,626.616666666667,0,0,0,0,0
0,0,119.15,507.64,626.79,0,0,0,0,0
0,0,119.22,507.623333333333,626.843333333333,0,0,0,0,0
0,0,119.76,507.59,627.35,0,0,0,0,0
0,0,119.8,507.66,627.46,0,0,0,0,0
0,0,119.82,507.663333333333,627.483333333333,0,0,0,0,0
0,0,119.82,507.67,627.49,0,0,0,0,0
0,0,119.82,507.676666666667,627.496666666667,0,0,0,0,0
0,0,119.87,507.68,627.55,0,0,0,0,0
0,0,120.063333333333,507.74,627.803333333333,0,0,0,0,0
0,0,120.45,507.74,628.19,0,0,0,0,0
0,0,120.45,507.69,628.14,0,0,0,0,0
0,0,120.45,507.69,628.14,0,0,0,0,0
0,0,120.856666666667,507.74,628.596666666667,0,0,0,0,0
0,0,121.06,507.733333333333,628.793333333333,0,0,0,0,0
0,0,121.06,507.73,628.79,0,0,0,0,0
0,0,121.06,507.803333333333,628.863333333333,0,0,0,0,0
0,0,121.56,507.84,629.4,0,0,0,0,0
0,0,121.6,507.75,629.35,0,0,0,0,0
0,0,121.68,507.766666666667,629.446666666667,0,0,0,0,0
0,0,121.746666666667,507.8,629.546666666667,0,0,0,0,0
0,0,121.78,507.8,629.58,0,0,0,0,0
0,0,122.133333333333,507.8,629.933333333333,0,0,0,0,0
0,0,122.31,507.826666666667,630.136666666667,0,0,0,0,0
0,0,122.34,507.88,630.22,0,0,0,0,0
0,0,122.53,507.9,630.43,0,0,0,0,0
0,0,122.91,507.9,630.81,0,0,0,0,0
0,0,122.926666666667,507.92,630.846666666667,0,0,0,0,0
0,0,122.96,507.92,630.88,0,0,0,0,0
0,0,123.36,507.85,631.21,0,0,0,0,0
0,0,123.56,507.883333333333,631.443333333333,0,0,0,0,0
0,0,123.66,507.9,631.56,0,0,0,0,0
0,0,123.66,507.85,631.51,0,0,0,0,0
0,0,124.18,507.85,632.03,0,0,0,0,0
0,0,124.29,507.96,632.25,0,0,0,0,0
0,0,124.51,507.96,632.47,0,0,0,0,0
0,0,124.81,507.96,632.77,0,0,0,0,0
0,0,124.81,507.933333333333,632.743333333333,0,0,0,0,0
0,0,125.42,507.92,633.34,0,0,0,0,0
0,0,125.456666666667,507.913333333333,633.37,0,0,0,0,0
0,0,125.53,507.94,633.47,0,0,0,0,0
0,0,126.07,508,634.07,0,0,0,0,0
0,0,126.07,508.013333333333,634.083333333333,0,0,0,0,0
0,0,126.5,508.02,634.52,0,0,0,0,0
0,0,126.563333333333,507.973333333333,634.536666666667,0,0,0,0,0
0,0,126.69,507.956666666667,634.646666666667,0,0,0,0,0
0,0,127.09,507.97,635.06,0,0,0,0,0
0,0,127.29,507.97,635.26,0,0,0,0,0
0,0,127.31,507.97,635.28,0,0,0,0,0
0,0,127.31,507.983333333333,635.293333333333,0,0,0,0,0
0,0,127.31,507.99,635.3,0,0,0,0,0
0,0,127.496666666667,507.96,635.456666666667,0,0,0,0,0
0,0,127.59,507.973333333333,635.563333333333,0,0,0,0,0
0,0,127.823333333333,508,635.823333333333,0,0,0,0,0
0,0,127.94,507.993333333333,635.933333333333,0,0,0,0,0
0,0,127.973333333333,507.98,635.953333333333,0,0,0,0,0
0,0,127.99,507.973333333333,635.963333333333,0,0,0,0,0
0,0,128.54,507.97,636.51,0,0,0,0,0
0,0,128.55,508.04,636.59,0,0,0,0,0
0,0,128.57,508.04,636.61,0,0,0,0,0
0,0,128.703333333333,508.01,636.713333333333,0,0,0,0,0
0,0,128.97,508.016666666667,636.986666666667,0,0,0,0,0
0,0,129.31,508.02,637.33,0,0,0,0,0
0,0,129.31,508.05,637.36,0,0,0,0,0
0,0,129.82,508.05,637.87,0,0,0,0,0
0,0,129.816666666667,508.04,637.856666666667,0,0,0,0,0
0,0,129.81,508.046666666667,637.856666666667,0,0,0,0,0
0,0,130.09,508.06,638.15,0,0,0,0,0
0,0,130.09,508.01,638.1,0,0,0,0,0
0,0,130.43,508.01,638.44,0,0,0,0,0
0,0,130.64,508.043333333333,638.683333333333,0,0,0,0,0
0,0,131.06,508.043333333333,639.103333333333,0,0,0,0,0
0,0,131.14,508.01,639.15,0,0,0,0,0
0,0,131.14,508.08,639.22,0,0,0,0,0
0,0,131.7,508.08,639.78,0,0,0,0,0
0,0,131.7,508.06,639.76,0,0,0,0,0
0,0,131.7,508.023333333333,639.723333333333,0,0,0,0,0
0,0,132.27,507.97,640.24,0,0,0,0,0
0,0,132.27,507.95,640.22,0,0,0,0,0
0,0,132.29,507.94,640.23,0,0,0,0,0
0,0,132.29,507.966666666667,640.256666666667,0,0,0,0,0
0,0,132.9,507.98,640.88,0,0,0,0,0
0,0,132.953333333333,508.07,641.023333333333,0,0,0,0,0
0,0,132.98,508.076666666667,641.056666666667,0,0,0,0,0
0,0,133.373333333333,508.09,641.463333333333,0,0,0,0,0
0,0,133.57,508.066666666667,641.636666666667,0,0,0,0,0
0,0,133.676666666667,508.02,641.696666666667,0,0,0,0,0
0,0,133.886666666667,508.06,641.946666666667,0,0,0,0,0
0,0,134.2,508.08,642.28,0,0,0,0,0
0,0,134.406666666667,508.09,642.496666666667,0,0,0,0,0
0,0,134.82,508.09,642.91,0,0,0,0,0
0,0,134.863333333333,508.08,642.943333333333,0,0,0,0,0
0,0,134.95,508.083333333333,643.033333333333,0,0,0,0,0
0,0,135.45,508.09,643.54,0,0,0,0,0
0,0,135.45,508.11,643.56,0,0,0,0,0
0,0,136.07,508.11,644.18,0,0,0,0,0
0,0,136.213333333333,508.05,644.263333333333,0,0,0,0,0
0,0,136.5,508.046666666667,644.546666666667,0,0,0,0,0
0,0,136.626666666667,508.04,644.666666666667,0,0,0,0,0
0,0,136.69,508.086666666667,644.776666666667,0,0,0,0,0
0,0,137.32,508.11,645.43,0,0,0,0,0
0,0,137.32,508.09,645.41,0,0,0,0,0
0,0,137.81,508.08,645.89,0,0,0,0,0
0,0,137.896666666667,508.02,645.916666666667,0,0,0,0,0
0,0,137.94,508.02,645.96,0,0,0,0,0
0,0,138.346666666667,508.02,646.366666666667,0,0,0,0,0
0,0,138.55,508.013333333333,646.563333333333,0,0,0,0,0
0,0,138.796666666667,508,646.796666666667,0,0,0,0,0
0,0,138.92,508.033333333333,646.953333333333,0,0,0,0,0
0,0,139.19,508.05,647.24,0,0,0,0,0
0,0,139.19,508.02,647.21,0,0,0,0,0
0,0,139.79,508.02,647.81,0,0,0,0,0
0,0,139.793333333333,508.02,647.813333333333,0,0,0,0,0
0,0,139.8,508.02,647.82,0,0,0,0,0
0,0,140.4,508.02,648.42,0,0,0,0,0
0,0,140.4,508.006666666667,648.406666666667,0,0,0,0,0
0,0,140.41,508,648.41,0,0,0,0,0
0,0,140.41,507.98,648.39,0,0,0,0,0
0,0,140.62,507.98,648.6,0,0,0,0,0
0,0,140.906666666667,508.04,648.946666666667,0,0,0,0,0
0,0,141.05,508.043333333333,649.093333333333,0,0,0,0,0
0,0,141.05,508.05,649.1,0,0,0,0,0
0,0,141.05,508.036666666667,649.086666666667,0,0,0,0,0
0,0,141.363333333333,508.01,649.373333333333,0,0,0,0,0
0,0,141.52,508.036666666667,649.556666666667,0,0,0,0,0
0,0,141.68,508.05,649.73,0,0,0,0,0
0,0,141.68,508.08,649.76,0,0,0,0,0
0,0,141.68,508.08,649.76,0,0,0,0,0
0,0,141.69,508.09,649.78,0,0,0,0,0
0,0,141.71,508.076666666667,649.786666666667,0,0,0,0,0
0,0,141.85,508.05,649.9,0,0,0,0,0
0,0,141.98,508.03,650.01,0,0,0,0,0
0,0,142.24,508.03,650.27,0,0,0,0,0
0,0,142.253333333333,507.97,650.223333333333,0,0,0,0,0
0,0,142.28,508.003333333333,650.283333333333,0,0,0,0,0
0,0,142.29,508.02,650.31,0,0,0,0,0
0,0,142.296666666667,508.04,650.336666666667,0,0,0,0,0
0,0,142.31,508.04,650.35,0,0,0,0,0
0,0,142.46,508.03,650.49,0,0,0,0,0
0,0,142.76,508.01,650.77,0,0,0,0,0
0,0,142.91,508,650.91,0,0,0,0,0
0,0,142.91,507.99,650.9,0,0,0,0,0
0,0,143.04,507.99,651.03,0,0,0,0,0
0,0,143.04,508.03,651.07,0,0,0,0,0
0,0,143.53,508.056666666667,651.586666666667,0,0,0,0,0
0,0,143.69,508.11,651.8,0,0,0,0,0
0,0,143.77,508.11,651.88,0,0,0,0,0
0,0,144.17,508.11,652.28,0,0,0,0,0
0,0,144.17,508.083333333333,652.253333333333,0,0,0,0,0
0,0,144.27,508.07,652.34,0,0,0,0,0
0,0,144.433333333333,508.01,652.443333333333,0,0,0,0,0
0,0,144.76,508.036666666667,652.796666666667,0,0,0,0,0
0,0,144.886666666667,508.09,652.976666666667,0,0,0,0,0
0,0,145.14,508.103333333333,653.243333333333,0,0,0,0,0
0,0,145.32,508.13,653.45,0,0,0,0,0
0,0,145.463333333333,508.15,653.613333333333,0,0,0,0,0
0,0,145.57,508.15,653.72,0,0,0,0,0
0,0,145.863333333333,508.13,653.993333333333,0,0,0,0,0
0,0,146.01,508.13,654.14,0,0,0,0,0
0,0,146.043333333333,508.23,654.273333333333,0,0,0,0,0
0,0,146.06,508.21,654.27,0,0,0,0,0
0,0,146.64,508.2,654.84,0,0,0,0,0
0,0,146.646666666667,508.25,654.896666666667,0,0,0,0,0
0,0,146.66,508.25,654.91,0,0,0,0,0
0,0,146.806666666667,508.34,655.146666666667,0,0,0,0,0
0,0,147.1,508.323333333333,655.423333333333,0,0,0,0,0
0,0,147.213333333333,508.29,655.503333333333,0,0,0,0,0
0,0,147.27,508.363333333333,655.633333333333,0,0,0,0,0
0,0,147.29,508.4,655.69,0,0,0,0,0
0,0,147.29,508.406666666667,655.696666666667,0,0,0,0,0
0,0,147.88,508.41,656.29,0,0,0,0,0
0,0,147.946666666667,508.43,656.376666666667,0,0,0,0,0
0,0,148.08,508.43,656.51,0,0,0,0,0
0,0,148.233333333333,508.52,656.753333333333,0,0,0,0,0
0,0,148.54,508.52,657.06,0,0,0,0,0
0,0,148.69,508.49,657.18,0,0,0,0,0
0,0,148.99,508.496666666667,657.486666666667,0,0,0,0,0
0,0,149.34,508.51,657.85,0,0,0,0,0
0,0,149.483333333333,508.51,657.993333333333,0,0,0,0,0
0,0,149.77,508.51,658.28,0,0,0,0,0
0,0,149.776666666667,508.62,658.396666666667,0,0,0,0,0
0,0,149.79,508.606666666667,658.396666666667,0,0,0,0,0
0,0,149.8,508.58,658.38,0,0,0,0,0
0,0,149.8,508.64,658.44,0,0,0,0,0
0,0,150.41,508.64,659.05,0,0,0,0,0
0,0,150.41,508.59,659,0,0,0,0,0
0,0,150.4,508.59,658.99,0,0,0,0,0
0,0,150.806666666667,508.58,659.386666666667,0,0,0,0,0
0,0,151.01,508.58,659.59,0,0,0,0,0
0,0,151.37,508.58,659.95,0,0,0,0,0
0,0,151.37,508.63,660,0,0,0,0,0
0,0,151.65,508.63,660.28,0,0,0,0,0
0,0,152.063333333333,508.61,660.673333333333,0,0,0,0,0
0,0,152.27,508.583333333333,660.853333333333,0,0,0,0,0
0,0,152.63,508.57,661.2,0,0,0,0,0
0,0,152.63,508.6,661.23,0,0,0,0,0
0,0,152.99,508.6,661.59,0,0,0,0,0
0,0,153.343333333333,508.62,661.963333333333,0,0,0,0,0
0,0,153.52,508.626666666667,662.146666666667,0,0,0,0,0
0,0,154.15,508.63,662.78,0,0,0,0,0
0,0,154.15,508.63,662.78,0,0,0,0,0
0,0,154.73,508.63,663.36,0,0,0,0,0
0,0,154.776666666667,508.68,663.456666666667,0,0,0,0,0
0,0,154.8,508.67,663.47,0,0,0,0,0
0,0,155.2,508.65,663.85,0,0,0,0,0
0,0,155.4,508.643333333333,664.043333333333,0,0,0,0,0
0,0,155.99,508.64,664.63,0,0,0,0,0
0,0,156.086666666667,508.633333333333,664.72,0,0,0,0,0
0,0,156.28,508.633333333333,664.913333333333,0,0,0,0,0
0,0,156.52,508.64,665.16,0,0,0,0,0
0,0,156.64,508.633333333333,665.273333333333,0,0,0,0,0
0,0,157.12,508.63,665.75,0,0,0,0,0
0,0,157.12,508.663333333333,665.783333333333,0,0,0,0,0
0,0,157.28,508.68,665.96,0,0,0,0,0
0,0,157.486666666667,508.68,666.166666666667,0,0,0,0,0
0,0,157.9,508.66,666.56,0,0,0,0,0
0,0,157.98,508.62,666.6,0,0,0,0,0
0,0,158.02,508.666666666667,666.686666666667,0,0,0,0,0
0,0,158.52,508.69,667.21,0,0,0,0,0
0,0,158.693333333333,508.69,667.383333333333,0,0,0,0,0
0,0,159.04,508.68,667.72,0,0,0,0,0
0,0,159.126666666667,508.66,667.786666666667,0,0,0,0,0
0,0,159.17,508.693333333333,667.863333333333,0,0,0,0,0
0,0,159.76,508.76,668.52,0,0,0,0,0
0,0,159.956666666667,508.75,668.706666666667,0,0,0,0,0
0,0,160.35,508.75,669.1,0,0,0,0,0
0,0,160.526666666667,508.81,669.336666666667,0,0,0,0,0
0,0,160.88,508.816666666667,669.696666666667,0,0,0,0,0
0,0,161.42,508.83,670.25,0,0,0,0,0
0,0,161.546666666667,508.88,670.426666666667,0,0,0,0,0
0,0,161.8,508.88,670.68,0,0,0,0,0
0,0,161.953333333333,508.91,670.863333333333,0,0,0,0,0
0,0,162.26,508.916666666667,671.176666666667,0,0,0,0,0
0,0,162.87,508.93,671.8,0,0,0,0,0
0,0,163.08,508.97,672.05,0,0,0,0,0
0,0,163.5,508.99,672.49,0,0,0,0,0
0,0,163.576666666667,508.99,672.566666666667,0,0,0,0,0
0,0,163.73,509.053333333333,672.783333333333,0,0,0,0,0
0,0,164.13,509.18,673.31,0,0,0,0,0
0,0,164.13,509.07,673.2,0,0,0,0,0
0,0,164.69,509.07,673.76,0,0,0,0,0
0,0,164.69,509.13,673.82,0,0,0,0,0
0,0,164.76,509.13,673.89,0,0,0,0,0
0,0,165.166666666667,509.13,674.296666666667,0,0,0,0,0
0,0,165.37,509.176666666667,674.546666666667,0,0,0,0,0
0,0,165.47,509.2,674.67,0,0,0,0,0
0,0,165.47,509.2,674.67,0,0,0,0,0
0,0,166,509.2,675.2,0,0,0,0,0
0,0,166.19,509.213333333333,675.403333333333,0,0,0,0,0
0,0,166.57,509.226666666667,675.796666666667,0,0,0,0,0
0,0,166.636666666667,509.24,675.876666666667,0,0,0,0,0
0,0,166.67,509.246666666667,675.916666666667,0,0,0,0,0
0,0,167.063333333333,509.26,676.323333333333,0,0,0,0,0
0,0,167.26,509.263333333333,676.523333333333,0,0,0,0,0
0,0,167.8,509.27,677.07,0,0,0,0,0
0,0,167.943333333333,509.27,677.213333333333,0,0,0,0,0
0,0,168.23,509.266666666667,677.496666666667,0,0,0,0,0
0,0,168.423333333333,509.26,677.683333333333,0,0,0,0,0
0,0,168.52,509.286666666667,677.806666666667,0,0,0,0,0
0,0,169.51,509.3,678.81,0,0,0,0,0
0,0,169.59,509.26,678.85,0,0,0,0,0
0,0,169.75,509.26,679.01,0,0,0,0,0
0,0,169.85,509.26,679.11,0,0,0,0,0
0,0,170.05,509.276666666667,679.326666666667,0,0,0,0,0
0,0,170.54,509.31,679.85,0,0,0,0,0
0,0,170.736666666667,509.27,680.006666666667,0,0,0,0,0
0,0,171.13,509.27,680.4,0,0,0,0,0
0,0,171.463333333333,509.27,680.733333333333,0,0,0,0,0
0,0,171.63,509.276666666667,680.906666666667,0,0,0,0,0
0,0,172.25,509.29,681.54,0,0,0,0,0
0,0,172.403333333333,509.29,681.693333333333,0,0,0,0,0
0,0,172.71,509.29,682,0,0,0,0,0
0,0,172.85,509.29,682.14,0,0,0,0,0
0,0,173.13,509.29,682.42,0,0,0,0,0
0,0,173.376666666667,509.26,682.636666666667,0,0,0,0,0
0,0,173.706666666667,509.26,682.966666666667,0,0,0,0,0
0,0,174.12,509.26,683.38,0,0,0,0,0
0,0,174.293333333333,509.29,683.583333333333,0,0,0,0,0
0,0,174.64,509.29,683.93,0,0,0,0,0
0,0,174.676666666667,509.27,683.946666666667,0,0,0,0,0
0,0,174.75,509.243333333333,683.993333333333,0,0,0,0,0
0,0,175.32,509.19,684.51,0,0,0,0,0
0,0,175.32,509.236666666667,684.556666666667,0,0,0,0,0
0,0,175.38,509.26,684.64,0,0,0,0,0
0,0,175.576666666667,509.233333333333,684.81,0,0,0,0,0
0,0,175.97,509.223333333333,685.193333333333,0,0,0,0,0
0,0,176.056666666667,509.23,685.286666666667,0,0,0,0,0
0,0,176.1,509.21,685.31,0,0,0,0,0
0,0,176.6,509.2,685.8,0,0,0,0,0
0,0,176.6,509.24,685.84,0,0,0,0,0
0,0,177.24,509.246666666667,686.486666666667,0,0,0,0,0
0,0,177.6,509.22,686.82,0,0,0,0,0
0,0,177.78,509.236666666667,687.016666666667,0,0,0,0,0
0,0,178.146666666667,509.27,687.416666666667,0,0,0,0,0
0,0,178.33,509.27,687.6,0,0,0,0,0
0,0,179.03,509.27,688.3,0,0,0,0,0
0,0,179.23,509.19,688.42,0,0,0,0,0
0,0,179.63,509.19,688.82,0,0,0,0,0
0,0,179.85,509.24,689.09,0,0,0,0,0
0,0,180.29,509.24,689.53,0,0,0,0,0
0,0,180.69,509.2,689.89,0,0,0,0,0
0,0,180.89,509.22,690.11,0,0,0,0,0
0,0,181.19,509.23,690.42,0,0,0,0,0
0,0,181.483333333333,509.31,690.793333333333,0,0,0,0,0
0,0,181.63,509.293333333333,690.923333333333,0,0,0,0,0
0,0,182.03,509.26,691.29,0,0,0,0,0
0,0,182.306666666667,509.26,691.566666666667,0,0,0,0,0
0,0,182.46,509.26,691.72,0,0,0,0,0
0,0,182.706666666667,509.17,691.876666666667,0,0,0,0,0
0,0,182.83,509.17,692,0,0,0,0,0
0,0,183.276666666667,509.33,692.606666666667,0,0,0,0,0
0,0,183.676666666667,509.283333333333,692.96,0,0,0,0,0
0,0,184.03,509.26,693.29,0,0,0,0,0
0,0,184.06,509.26,693.32,0,0,0,0,0
0,0,184.12,509.26,693.38,0,0,0,0,0
0,0,184.513333333333,509.2,693.713333333333,0,0,0,0,0
0,0,184.71,509.2,693.91,0,0,0,0,0
0,0,185.33,509.2,694.53,0,0,0,0,0
0,0,185.453333333333,509.26,694.713333333333,0,0,0,0,0
0,0,185.7,509.26,694.96,0,0,0,0,0
0,0,185.9,509.22,695.12,0,0,0,0,0
0,0,186.3,509.22,695.52,0,0,0,0,0
0,0,186.81,509.22,696.03,0,0,0,0,0
0,0,186.936666666667,509.186666666667,696.123333333333,0,0,0,0,0
0,0,187.19,509.17,696.36,0,0,0,0,0
0,0,187.403333333333,509.22,696.623333333333,0,0,0,0,0
0,0,187.83,509.223333333333,697.053333333333,0,0,0,0,0
0,0,188.46,509.23,697.69,0,0,0,0,0
0,0,188.46,509.22,697.68,0,0,0,0,0
0,0,188.99,509.22,698.21,0,0,0,0,0
0,0,188.99,509.22,698.21,0,0,0,0,0
0,0,189.7,509.223333333333,698.923333333334,0,0,0,0,0
0,0,189.72,509.23,698.95,0,0,0,0,0
0,0,189.73,509.19,698.92,0,0,0,0,0
0,0,190.31,509.17,699.48,0,0,0,0,0
0,0,190.31,509.203333333333,699.513333333333,0,0,0,0,0
0,0,190.95,509.22,700.17,0,0,0,0,0
0,0,191.363333333333,509.2,700.563333333333,0,0,0,0,0
0,0,191.57,509.21,700.78,0,0,0,0,0
0,0,191.65,509.23,700.88,0,0,0,0,0
0,0,191.69,509.24,700.93,0,0,0,0,0
0,0,192.09,509.26,701.35,0,0,0,0,0
0,0,192.503333333333,509.26,701.763333333333,0,0,0,0,0
0,0,192.93,509.26,702.19,0,0,0,0,0
0,0,193.106666666667,509.24,702.346666666667,0,0,0,0,0
0,0,193.46,509.24,702.7,0,0,0,0,0
0,0,193.666666666667,509.23,702.896666666667,0,0,0,0,0
0,0,194.08,509.21,703.29,0,0,0,0,0
0,0,194.68,509.2,703.88,0,0,0,0,0
0,0,194.69,509.26,703.95,0,0,0,0,0
0,0,194.71,509.26,703.97,0,0,0,0,0
0,0,194.906666666667,509.24,704.146666666667,0,0,0,0,0
0,0,195.3,509.24,704.54,0,0,0,0,0
0,0,195.33,509.24,704.57,0,0,0,0,0
0,0,195.33,509.27,704.6,0,0,0,0,0
0,0,195.88,509.27,705.15,0,0,0,0,0
0,0,195.88,509.31,705.19,0,0,0,0,0
0,0,195.99,509.31,705.3,0,0,0,0,0
0,0,196.39,509.29,705.68,0,0,0,0,0
0,0,196.59,509.25,705.84,0,0,0,0,0
0,0,196.58,509.23,705.81,0,0,0,0,0
0,0,196.58,509.223333333333,705.803333333333,0,0,0,0,0
0,0,197.19,509.22,706.41,0,0,0,0,0
0,0,197.196666666667,509.25,706.446666666667,0,0,0,0,0
0,0,197.21,509.256666666667,706.466666666667,0,0,0,0,0
0,0,197.63,509.27,706.9,0,0,0,0,0
0,0,197.84,509.256666666667,707.096666666667,0,0,0,0,0
0,0,198.233333333333,509.23,707.463333333333,0,0,0,0,0
0,0,198.526666666667,509.28,707.806666666667,0,0,0,0,0
0,0,198.72,509.28,708,0,0,0,0,0
0,0,198.96,509.26,708.22,0,0,0,0,0
0,0,199.08,509.27,708.35,0,0,0,0,0
0,0,199.5,509.29,708.79,0,0,0,0,0
0,0,199.876666666667,509.23,709.106666666667,0,0,0,0,0
0,0,200.21,509.23,709.44,0,0,0,0,0
0,0,200.27,509.32,709.59,0,0,0,0,0
0,0,200.39,509.3,709.69,0,0,0,0,0
0,0,200.756666666667,509.26,710.016666666667,0,0,0,0,0
0,0,200.94,509.3,710.24,0,0,0,0,0
0,0,201.59,509.32,710.91,0,0,0,0,0
0,0,201.663333333333,509.31,710.973333333333,0,0,0,0,0
0,0,201.81,509.306666666667,711.116666666667,0,0,0,0,0
0,0,201.94,509.3,711.24,0,0,0,0,0
0,0,202.2,509.32,711.52,0,0,0,0,0
0,0,202.76,509.36,712.12,0,0,0,0,0
0,0,202.786666666667,509.38,712.166666666667,0,0,0,0,0
0,0,202.84,509.38,712.22,0,0,0,0,0
0,0,203.04,509.34,712.38,0,0,0,0,0
0,0,203.44,509.356666666667,712.796666666667,0,0,0,0,0
0,0,203.58,509.39,712.97,0,0,0,0,0
0,0,203.746666666667,509.44,713.186666666667,0,0,0,0,0
0,0,204.08,509.453333333333,713.533333333333,0,0,0,0,0
0,0,204.146666666667,509.48,713.626666666667,0,0,0,0,0
0,0,204.18,509.486666666667,713.666666666667,0,0,0,0,0
0,0,204.68,509.49,714.17,0,0,0,0,0
0,0,204.86,509.51,714.37,0,0,0,0,0
0,0,205.22,509.51,714.73,0,0,0,0,0
0,0,205.27,509.61,714.88,0,0,0,0,0
0,0,205.37,509.616666666667,714.986666666667,0,0,0,0,0
0,0,205.94,509.63,715.57,0,0,0,0,0
0,0,206.15,509.66,715.81,0,0,0,0,0
0,0,206.57,509.66,716.23,0,0,0,0,0
0,0,206.77,509.63,716.4,0,0,0,0,0
0,0,207.17,509.653333333333,716.823333333333,0,0,0,0,0
0,0,207.48,509.7,717.18,0,0,0,0,0
0,0,207.68,509.87,717.55,0,0,0,0,0
0,0,208.08,509.87,717.95,0,0,0,0,0
0,0,208.203333333333,509.86,718.063333333333,0,0,0,0,0
0,0,208.45,509.826666666667,718.276666666667,0,0,0,0,0
0,0,209.07,509.76,718.83,0,0,0,0,0
0,0,209.07,509.78,718.85,0,0,0,0,0
0,0,209.68,509.78,719.46,0,0,0,0,0
0,0,209.7,509.84,719.54,0,0,0,0,0
0,0,209.74,509.846666666667,719.586666666667,0,0,0,0,0
0,0,210.126666666667,509.86,719.986666666667,0,0,0,0,0
0,0,210.32,509.79,720.11,0,0,0,0,0
0,0,210.56,509.79,720.35,0,0,0,0,0
0,0,210.56,509.88,720.44,0,0,0,0,0
0,0,210.96,509.88,720.84,0,0,0,0,0
0,0,211.346666666667,509.82,721.166666666667,0,0,0,0,0
0,0,211.54,509.866666666667,721.406666666667,0,0,0,0,0
0,0,211.63,509.89,721.52,0,0,0,0,0
0,0,211.63,509.89,721.52,0,0,0,0,0
0,0,212.19,509.89,722.08,0,0,0,0,0
0,0,212.503333333333,509.87,722.373333333333,0,0,0,0,0
0,0,212.66,509.89,722.55,0,0,0,0,0
0,0,212.84,509.9,722.74,0,0,0,0,0
0,0,212.84,509.886666666667,722.726666666667,0,0,0,0,0
0,0,213.44,509.88,723.32,0,0,0,0,0
0,0,213.64,509.86,723.5,0,0,0,0,0
0,0,214.04,509.856666666667,723.896666666667,0,0,0,0,0
0,0,214.15,509.87,724.02,0,0,0,0,0
0,0,214.15,509.85,724,0,0,0,0,0
0,0,214.67,509.84,724.51,0,0,0,0,0
0,0,214.86,509.84,724.7,0,0,0,0,0
0,0,215.24,509.85,725.09,0,0,0,0,0
0,0,215.313333333333,509.87,725.183333333333,0,0,0,0,0
0,0,215.35,509.86,725.21,0,0,0,0,0
0,0,215.73,509.84,725.57,0,0,0,0,0
0,0,215.92,509.83,725.75,0,0,0,0,0
0,0,216.53,509.81,726.34,0,0,0,0,0
0,0,216.53,509.9,726.43,0,0,0,0,0
0,0,217.16,509.9,727.06,0,0,0,0,0
0,0,217.166666666667,509.84,727.006666666667,0,0,0,0,0
0,0,217.18,509.84,727.02,0,0,0,0,0
0,0,217.566666666667,509.78,727.346666666667,0,0,0,0,0
0,0,217.76,509.813333333333,727.573333333333,0,0,0,0,0
0,0,218.32,509.83,728.15,0,0,0,0,0
0,0,218.32,509.836666666667,728.156666666667,0,0,0,0,0
0,0,218.43,509.84,728.27,0,0,0,0,0
0,0,218.653333333333,509.84,728.493333333333,0,0,0,0,0
0,0,219.1,509.84,728.94,0,0,0,0,0
0,0,219.66,509.84,729.5,0,0,0,0,0
0,0,219.66,509.826666666667,729.486666666667,0,0,0,0,0
0,0,220.15,509.82,729.97,0,0,0,0,0
0,0,220.256666666667,509.846666666667,730.103333333333,0,0,0,0,0
0,0,220.47,509.87,730.34,0,0,0,0,0
0,0,220.776666666667,509.89,730.666666666667,0,0,0,0,0
0,0,220.93,509.893333333333,730.823333333333,0,0,0,0,0
0,0,221.343333333333,509.9,731.243333333333,0,0,0,0,0
0,0,221.55,509.91,731.46,0,0,0,0,0
0,0,222.01,509.93,731.94,0,0,0,0,0
0,0,222.123333333333,509.91,732.033333333333,0,0,0,0,0
0,0,222.18,509.873333333333,732.053333333333,0,0,0,0,0
0,0,222.553333333333,509.8,732.353333333333,0,0,0,0,0
0,0,222.74,509.843333333333,732.583333333333,0,0,0,0,0
0,0,223.42,509.93,733.35,0,0,0,0,0
0,0,223.503333333333,509.98,733.483333333333,0,0,0,0,0
0,0,223.67,509.98,733.65,0,0,0,0,0
0,0,223.796666666667,510,733.796666666667,0,0,0,0,0
0,0,224.05,509.986666666667,734.036666666667,0,0,0,0,0
0,0,224.56,509.96,734.52,0,0,0,0,0
0,0,224.596666666667,510.02,734.616666666667,0,0,0,0,0
0,0,224.67,510.02,734.69,0,0,0,0,0
0,0,224.866666666667,510.02,734.886666666667,0,0,0,0,0
0,0,225.26,510.02,735.28,0,0,0,0,0
0,0,225.7,510.13,735.83,0,0,0,0,0
0,0,225.92,510.176666666667,736.096666666667,0,0,0,0,0
0,0,226.56,510.2,736.76,0,0,0,0,0
0,0,226.756666666667,510.24,736.996666666667,0,0,0,0,0
0,0,227.15,510.24,737.39,0,0,0,0,0
0,0,227.356666666667,510.35,737.706666666667,0,0,0,0,0
0,0,227.77,510.376666666667,738.146666666667,0,0,0,0,0
0,0,228.41,510.43,738.84,0,0,0,0,0
0,0,228.41,510.46,738.87,0,0,0,0,0
0,0,228.51,510.46,738.97,0,0,0,0,0
0,0,228.706666666667,510.41,739.116666666667,0,0,0,0,0
0,0,229.1,510.423333333333,739.523333333333,0,0,0,0,0
0,0,229.64,510.45,740.09,0,0,0,0,0
0,0,229.64,510.45,740.09,0,0,0,0,0
0,0,229.64,510.45,740.09,0,0,0,0,0
0,0,229.683333333333,510.44,740.123333333333,0,0,0,0,0
0,0,229.77,510.443333333333,740.213333333333,0,0,0,0,0
0,0,230.26,510.45,740.71,0,0,0,0,0
0,0,230.26,510.476666666667,740.736666666667,0,0,0,0,0
0,0,230.43,510.49,740.92,0,0,0,0,0
0,0,230.43,510.51,740.94,0,0,0,0,0
0,0,230.94,510.52,741.46,0,0,0,0,0
0,0,231.333333333333,510.51,741.843333333333,0,0,0,0,0
0,0,231.53,510.52,742.05,0,0,0,0,0
0,0,231.576666666667,510.54,742.116666666667,0,0,0,0,0
0,0,231.6,510.53,742.13,0,0,0,0,0
0,0,232.16,510.51,742.67,0,0,0,0,0
0,0,232.37,510.53,742.9,0,0,0,0,0
0,0,232.79,510.53,743.32,0,0,0,0,0
0,0,233,510.56,743.56,0,0,0,0,0
0,0,233.42,510.56,743.98,0,0,0,0,0
0,0,233.806666666667,510.47,744.276666666667,0,0,0,0,0
0,0,234,510.53,744.53,0,0,0,0,0
0,0,234.64,510.56,745.2,0,0,0,0,0
0,0,234.836666666667,510.52,745.356666666667,0,0,0,0,0
0,0,235.23,510.52,745.75,0,0,0,0,0
0,0,235.57,510.63,746.2,0,0,0,0,0
0,0,235.74,510.683333333333,746.423333333334,0,0,0,0,0
0,0,235.91,510.71,746.62,0,0,0,0,0
0,0,235.91,510.76,746.67,0,0,0,0,0
0,0,236.51,510.76,747.27,0,0,0,0,0
0,0,236.626666666667,510.81,747.436666666667,0,0,0,0,0
0,0,236.86,510.856666666667,747.716666666667,0,0,0,0,0
0,0,237.13,510.88,748.01,0,0,0,0,0
0,0,237.153333333333,510.97,748.123333333333,0,0,0,0,0
0,0,237.2,510.97,748.17,0,0,0,0,0
0,0,237.39,511.02,748.41,0,0,0,0,0
0,0,237.77,511.066666666667,748.836666666667,0,0,0,0,0
0,0,237.81,511.09,748.9,0,0,0,0,0
0,0,237.81,511.05,748.86,0,0,0,0,0
0,0,238.37,511.03,749.4,0,0,0,0,0
0,0,238.413333333333,511.06,749.473333333333,0,0,0,0,0
0,0,238.5,511.096666666667,749.596666666667,0,0,0,0,0
0,0,239.15,511.17,750.32,0,0,0,0,0
0,0,239.15,511.09,750.24,0,0,0,0,0
0,0,239.64,511.09,750.73,0,0,0,0,0
0,0,239.783333333333,511.12,750.903333333333,0,0,0,0,0
0,0,240.07,511.116666666667,751.186666666667,0,0,0,0,0
0,0,240.236666666667,511.11,751.346666666667,0,0,0,0,0
0,0,240.32,511.143333333333,751.463333333333,0,0,0,0,0
0,0,240.91,511.16,752.07,0,0,0,0,0
0,0,240.91,511.166666666667,752.076666666667,0,0,0,0,0
0,0,241.53,511.17,752.7,0,0,0,0,0
0,0,241.603333333333,511.14,752.743333333333,0,0,0,0,0
0,0,241.64,511.146666666667,752.786666666667,0,0,0,0,0
0,0,241.986666666667,511.16,753.146666666667,0,0,0,0,0
0,0,242.16,511.146666666667,753.306666666667,0,0,0,0,0
0,0,242.56,511.12,753.68,0,0,0,0,0
0,0,242.943333333333,511.12,754.063333333333,0,0,0,0,0
0,0,243.31,511.12,754.43,0,0,0,0,0
0,0,243.383333333333,511.12,754.503333333333,0,0,0,0,0
0,0,243.42,511.12,754.54,0,0,0,0,0
0,0,243.833333333333,511.17,755.003333333333,0,0,0,0,0
0,0,244.04,511.123333333333,755.163333333333,0,0,0,0,0
0,0,244.36,511.1,755.46,0,0,0,0,0
0,0,244.546666666667,511.13,755.676666666667,0,0,0,0,0
0,0,244.64,511.126666666667,755.766666666667,0,0,0,0,0
0,0,245.046666666667,511.12,756.166666666667,0,0,0,0,0
0,0,245.25,511.12,756.37,0,0,0,0,0
0,0,245.47,511.12,756.59,0,0,0,0,0
0,0,245.613333333333,511.1,756.713333333333,0,0,0,0,0
0,0,245.9,511.1,757,0,0,0,0,0
0,0,246.103333333333,511.12,757.223333333333,0,0,0,0,0
0,0,246.51,511.123333333333,757.633333333333,0,0,0,0,0
0,0,247.14,511.13,758.27,0,0,0,0,0
0,0,247.14,511.083333333333,758.223333333333,0,0,0,0,0
0,0,247.51,511.06,758.57,0,0,0,0,0
0,0,247.51,511.133333333333,758.643333333333,0,0,0,0,0
0,0,248.25,511.17,759.42,0,0,0,0,0
0,0,248.343333333333,511.13,759.473333333333,0,0,0,0,0
0,0,248.39,511.143333333333,759.533333333333,0,0,0,0,0
0,0,248.823333333333,511.17,759.993333333333,0,0,0,0,0
0,0,249.04,511.183333333333,760.223333333333,0,0,0,0,0
0,0,249.453333333333,511.19,760.643333333333,0,0,0,0,0
0,0,249.646666666667,511.1,760.746666666667,0,0,0,0,0
0,0,249.62,511.1,760.72,0,0,0,0,0
0,0,250.046666666667,511.13,761.176666666667,0,0,0,0,0
0,0,250.26,511.103333333333,761.363333333333,0,0,0,0,0
0,0,250.32,511.09,761.41,0,0,0,0,0
0,0,250.503333333333,511.076666666667,761.58,0,0,0,0,0
0,0,250.87,511.07,761.94,0,0,0,0,0
0,0,251.083333333333,511.13,762.213333333333,0,0,0,0,0
0,0,251.51,511.13,762.64,0,0,0,0,0
0,0,251.616666666667,511.13,762.746666666667,0,0,0,0,0
0,0,251.83,511.11,762.94,0,0,0,0,0
0,0,252.12,511.07,763.19,0,0,0,0,0
0,0,252.12,511.103333333333,763.223333333333,0,0,0,0,0
0,0,252.75,511.12,763.87,0,0,0,0,0
0,0,252.75,511.06,763.81,0,0,0,0,0
0,0,253.31,511.03,764.34,0,0,0,0,0
0,0,253.336666666667,511.13,764.466666666667,0,0,0,0,0
0,0,253.39,511.133333333333,764.523333333333,0,0,0,0,0
0,0,254.01,511.14,765.15,0,0,0,0,0
0,0,254.01,511.133333333333,765.143333333333,0,0,0,0,0
0,0,254.6,511.13,765.73,0,0,0,0,0
0,0,254.606666666667,511.1,765.706666666667,0,0,0,0,0
0,0,254.62,511.133333333333,765.753333333333,0,0,0,0,0
0,0,254.843333333333,511.2,766.043333333333,0,0,0,0,0
0,0,255.29,511.176666666667,766.466666666667,0,0,0,0,0
0,0,255.57,511.13,766.7,0,0,0,0,0
0,0,255.813333333333,511.156666666667,766.97,0,0,0,0,0
0,0,256.02,511.16,767.18,0,0,0,0,0
0,0,256.346666666667,511.14,767.486666666667,0,0,0,0,0
0,0,256.51,511.126666666667,767.636666666667,0,0,0,0,0
0,0,256.91,511.1,768.01,0,0,0,0,0
0,0,257.27,511.146666666667,768.416666666667,0,0,0,0,0
0,0,257.59,511.17,768.76,0,0,0,0,0
0,0,257.723333333333,511.14,768.863333333333,0,0,0,0,0
0,0,257.79,511.133333333333,768.923333333334,0,0,0,0,0
0,0,258.17,511.12,769.29,0,0,0,0,0
0,0,258.36,511.106666666667,769.466666666667,0,0,0,0,0
0,0,258.98,511.1,770.08,0,0,0,0,0
0,0,259.006666666667,511.1,770.106666666667,0,0,0,0,0
0,0,259.06,511.1,770.16,0,0,0,0,0
0,0,259.226666666667,511.01,770.236666666667,0,0,0,0,0
0,0,259.56,511.05,770.61,0,0,0,0,0
0,0,260.24,511.13,771.37,0,0,0,0,0
0,0,260.24,511.11,771.35,0,0,0,0,0
0,0,260.67,511.11,771.78,0,0,0,0,0
0,0,260.733333333333,511.11,771.843333333333,0,0,0,0,0
0,0,260.86,511.123333333333,771.983333333333,0,0,0,0,0
0,0,261.28,511.15,772.43,0,0,0,0,0
0,0,261.49,511.14,772.63,0,0,0,0,0
0,0,261.6,511.14,772.74,0,0,0,0,0
0,0,261.6,511.13,772.73,0,0,0,0,0
0,0,262.09,511.13,773.22,0,0,0,0,0
0,0,262.476666666667,511.22,773.696666666667,0,0,0,0,0
0,0,262.67,511.246666666667,773.916666666667,0,0,0,0,0
0,0,262.76,511.26,774.02,0,0,0,0,0
0,0,262.76,511.28,774.04,0,0,0,0,0
0,0,263.35,511.28,774.63,0,0,0,0,0
0,0,263.663333333333,511.38,775.043333333333,0,0,0,0,0
0,0,263.82,511.44,775.26,0,0,0,0,0
0,0,263.98,511.47,775.45,0,0,0,0,0
0,0,264.16,511.576666666667,775.736666666667,0,0,0,0,0
0,0,264.52,511.643333333333,776.163333333333,0,0,0,0,0
0,0,264.606666666667,511.67,776.276666666667,0,0,0,0,0
0,0,264.65,511.623333333333,776.273333333333,0,0,0,0,0
0,0,265.21,511.6,776.81,0,0,0,0,0
0,0,265.21,511.62,776.83,0,0,0,0,0
0,0,265.76,511.62,777.38,0,0,0,0,0
0,0,265.87,511.73,777.6,0,0,0,0,0
0,0,266.09,511.73,777.82,0,0,0,0,0
0,0,266.356666666667,511.74,778.096666666667,0,0,0,0,0
0,0,266.49,511.733333333333,778.223333333333,0,0,0,0,0
0,0,267.1,511.73,778.83,0,0,0,0,0
0,0,267.123333333333,511.73,778.853333333333,0,0,0,0,0
0,0,267.17,511.743333333333,778.913333333333,0,0,0,0,0
0,0,267.55,511.77,779.32,0,0,0,0,0
0,0,267.74,511.75,779.49,0,0,0,0,0
0,0,268.126666666667,511.71,779.836666666667,0,0,0,0,0
0,0,268.32,511.73,780.05,0,0,0,0,0
0,0,268.36,511.74,780.1,0,0,0,0,0
0,0,268.74,511.66,780.4,0,0,0,0,0
0,0,268.93,511.686666666667,780.616666666667,0,0,0,0,0
0,0,269.363333333333,511.74,781.103333333333,0,0,0,0,0
0,0,269.58,511.78,781.36,0,0,0,0,0
0,0,269.63,511.8,781.43,0,0,0,0,0
0,0,269.75,511.71,781.46,0,0,0,0,0
0,0,269.81,511.77,781.58,0,0,0,0,0
0,0,270.21,511.8,782.01,0,0,0,0,0
0,0,270.373333333333,511.92,782.293333333333,0,0,0,0,0
0,0,270.7,511.953333333333,782.653333333333,0,0,0,0,0
0,0,270.766666666667,511.9,782.666666666667,0,0,0,0,0
0,0,270.8,512.06,782.86,0,0,0,0,0
0,0,271.45,512.14,783.59,0,0,0,0,0
0,0,271.47,512.213333333333,783.683333333333,0,0,0,0,0
0,0,271.51,512.283333333333,783.793333333333,0,0,0,0,0
0,0,271.91,512.35,784.26,0,0,0,0,0
0,0,272.11,512.326666666667,784.436666666667,0,0,0,0,0
0,0,272.51,512.28,784.79,0,0,0,0,0
0,0,272.51,512.333333333333,784.843333333333,0,0,0,0,0
0,0,272.78,512.36,785.14,0,0,0,0,0
0,0,273.16,512.38,785.54,0,0,0,0,0
0,0,273.35,512.366666666667,785.716666666667,0,0,0,0,0
0,0,273.56,512.36,785.92,0,0,0,0,0
0,0,273.56,512.393333333333,785.953333333333,0,0,0,0,0
0,0,273.99,512.41,786.4,0,0,0,0,0
0,0,274.2,512.42,786.62,0,0,0,0,0
0,0,274.62,512.42,787.04,0,0,0,0,0
0,0,274.636666666667,512.45,787.086666666667,0,0,0,0,0
0,0,274.67,512.45,787.12,0,0,0,0,0
0,0,275.036666666667,512.38,787.416666666667,0,0,0,0,0
0,0,275.22,512.346666666667,787.566666666667,0,0,0,0,0
0,0,275.8,512.33,788.13,0,0,0,0,0
0,0,275.8,512.38,788.18,0,0,0,0,0
0,0,276.01,512.38,788.39,0,0,0,0,0
0,0,276.16,512.38,788.54,0,0,0,0,0
0,0,276.46,512.39,788.85,0,0,0,0,0
0,0,277.08,512.41,789.49,0,0,0,0,0
0,0,277.08,512.456666666667,789.536666666667,0,0,0,0,0
0,0,277.17,512.48,789.65,0,0,0,0,0
0,0,277.346666666667,512.513333333333,789.86,0,0,0,0,0
0,0,277.7,512.553333333333,790.253333333333,0,0,0,0,0
0,0,278.12,512.6,790.72,0,0,0,0,0
0,0,278.33,512.653333333333,790.983333333333,0,0,0,0,0
0,0,278.39,512.68,791.07,0,0,0,0,0
0,0,278.583333333333,512.753333333333,791.336666666667,0,0,0,0,0
0,0,278.97,512.78,791.75,0,0,0,0,0
0,0,279.356666666667,512.76,792.116666666667,0,0,0,0,0
0,0,279.55,512.8,792.35,0,0,0,0,0
0,0,279.583333333333,512.88,792.463333333333,0,0,0,0,0
0,0,279.6,512.893333333333,792.493333333333,0,0,0,0,0
0,0,280.21,512.92,793.13,0,0,0,0,0
0,0,280.256666666667,512.93,793.186666666667,0,0,0,0,0
0,0,280.35,512.93,793.28,0,0,0,0,0
0,0,280.516666666667,513,793.516666666667,0,0,0,0,0
0,0,280.85,513,793.85,0,0,0,0,0
0,0,281.256666666667,512.99,794.246666666667,0,0,0,0,0
0,0,281.46,512.973333333333,794.433333333333,0,0,0,0,0
0,0,281.446666666667,512.94,794.386666666667,0,0,0,0,0
0,0,281.44,513.02,794.46,0,0,0,0,0
0,0,282.12,513.06,795.18,0,0,0,0,0
0,0,282.12,513,795.12,0,0,0,0,0
0,0,282.43,512.97,795.4,0,0,0,0,0
0,0,282.52,512.97,795.49,0,0,0,0,0
0,0,282.7,512.97,795.67,0,0,0,0,0
0,0,283.14,513.04,796.18,0,0,0,0,0
0,0,283.36,513.026666666667,796.386666666667,0,0,0,0,0
0,0,283.62,513,796.62,0,0,0,0,0
0,0,283.726666666667,512.96,796.686666666667,0,0,0,0,0
0,0,283.94,512.963333333333,796.903333333333,0,0,0,0,0
0,0,284.006666666667,512.97,796.976666666667,0,0,0,0,0
0,0,284.04,512.99,797.03,0,0,0,0,0
0,0,284.6,513.03,797.63,0,0,0,0,0
0,0,284.803333333333,513.02,797.823333333333,0,0,0,0,0
0,0,285.21,513.02,798.23,0,0,0,0,0
0,0,285.23,513.04,798.27,0,0,0,0,0
0,0,285.24,513.04,798.28,0,0,0,0,0
0,0,285.633333333333,513,798.633333333333,0,0,0,0,0
0,0,286.036666666667,513.04,799.076666666666,0,0,0,0,0
0,0,286.45,513.06,799.51,0,0,0,0,0
0,0,286.473333333333,512.99,799.463333333333,0,0,0,0,0
0,0,286.52,512.99,799.51,0,0,0,0,0
0,0,286.893333333333,513,799.893333333333,0,0,0,0,0
0,0,287.08,513,800.08,0,0,0,0,0
0,0,287.29,513,800.29,0,0,0,0,0
0,0,287.29,512.97,800.26,0,0,0,0,0
0,0,287.69,512.97,800.66,0,0,0,0,0
0,0,287.896666666667,512.99,800.886666666667,0,0,0,0,0
0,0,288.31,513.003333333333,801.313333333333,0,0,0,0,0
0,0,288.76,513.03,801.79,0,0,0,0,0
0,0,288.76,513.056666666667,801.816666666667,0,0,0,0,0
0,0,289.16,513.07,802.23,0,0,0,0,0
0,0,289.16,513.07,802.23,0,0,0,0,0
0,0,289.56,513.07,802.63,0,0,0,0,0
0,0,289.59,513.19,802.78,0,0,0,0,0
0,0,289.65,513.19,802.84,0,0,0,0,0
0,0,289.84,513.3,803.14,0,0,0,0,0
0,0,290.22,513.3,803.52,0,0,0,0,0
0,0,290.4,513.31,803.71,0,0,0,0,0
0,0,290.49,513.383333333333,803.873333333333,0,0,0,0,0
0,0,290.82,513.42,804.24,0,0,0,0,0
0,0,291.033333333333,513.5,804.533333333333,0,0,0,0,0
0,0,291.46,513.5,804.96,0,0,0,0,0
0,0,291.473333333333,513.56,805.033333333333,0,0,0,0,0
0,0,291.5,513.56,805.06,0,0,0,0,0
0,0,292.07,513.56,805.63,0,0,0,0,0
0,0,292.07,513.55,805.62,0,0,0,0,0
0,0,292.4,513.55,805.95,0,0,0,0,0
0,0,292.5,513.55,806.05,0,0,0,0,0
0,0,292.7,513.573333333333,806.273333333333,0,0,0,0,0
0,0,293.33,513.62,806.95,0,0,0,0,0
0,0,293.41,513.55,806.96,0,0,0,0,0
0,0,293.57,513.55,807.12,0,0,0,0,0
0,0,293.696666666667,513.62,807.316666666667,0,0,0,0,0
0,0,293.95,513.616666666667,807.566666666667,0,0,0,0,0
0,0,294.56,513.61,808.17,0,0,0,0,0
0,0,294.56,513.59,808.15,0,0,0,0,0
0,0,294.56,513.59,808.15,0,0,0,0,0
0,0,294.77,513.62,808.39,0,0,0,0,0
0,0,295.19,513.616666666667,808.806666666667,0,0,0,0,0
0,0,295.27,513.61,808.88,0,0,0,0,0
0,0,295.27,513.61,808.88,0,0,0,0,0
0,0,295.81,513.61,809.42,0,0,0,0,0
0,0,295.81,513.61,809.42,0,0,0,0,0
0,0,296.42,513.6,810.02,0,0,0,0,0
0,0,296.433333333333,513.58,810.013333333333,0,0,0,0,0
0,0,296.44,513.64,810.08,0,0,0,0,0
0,0,297.09,513.67,810.76,0,0,0,0,0
0,0,297.09,513.63,810.72,0,0,0,0,0
0,0,297.14,513.61,810.75,0,0,0,0,0
0,0,297.513333333333,513.64,811.153333333333,0,0,0,0,0
0,0,297.7,513.643333333333,811.343333333333,0,0,0,0,0
0,0,297.973333333333,513.65,811.623333333333,0,0,0,0,0
0,0,298.11,513.666666666667,811.776666666667,0,0,0,0,0
0,0,298.27,513.7,811.97,0,0,0,0,0
0,0,298.543333333333,513.68,812.223333333333,0,0,0,0,0
0,0,298.93,513.67,812.6,0,0,0,0,0
0,0,298.943333333333,513.67,812.613333333333,0,0,0,0,0
0,0,298.97,513.67,812.64,0,0,0,0,0
0,0,299.163333333333,513.62,812.783333333333,0,0,0,0,0
0,0,299.55,513.646666666667,813.196666666667,0,0,0,0,0
0,0,299.6,513.7,813.3,0,0,0,0,0
0,0,299.6,513.7,813.3,0,0,0,0,0
0,0,300.21,513.7,813.91,0,0,0,0,0
0,0,300.206666666667,513.69,813.896666666667,0,0,0,0,0
0,0,300.2,513.72,813.92,0,0,0,0,0
0,0,300.82,513.78,814.6,0,0,0,0,0
0,0,300.82,513.813333333333,814.633333333333,0,0,0,0,0
0,0,300.88,513.83,814.71,0,0,0,0,0
0,0,300.88,513.91,814.79,0,0,0,0,0
0,0,301.45,513.95,815.4,0,0,0,0,0
0,0,301.436666666667,513.98,815.416666666667,0,0,0,0,0
0,0,301.43,514.073333333333,815.503333333333,0,0,0,0,0
0,0,302.07,514.12,816.19,0,0,0,0,0
0,0,302.07,514.166666666667,816.236666666667,0,0,0,0,0
0,0,302.36,514.26,816.62,0,0,0,0,0
0,0,302.473333333333,514.22,816.693333333333,0,0,0,0,0
0,0,302.7,514.226666666667,816.926666666667,0,0,0,0,0
0,0,302.99,514.24,817.23,0,0,0,0,0
0,0,302.99,514.266666666667,817.256666666667,0,0,0,0,0
0,0,303.33,514.28,817.61,0,0,0,0,0
0,0,303.446666666667,514.27,817.716666666667,0,0,0,0,0
0,0,303.68,514.273333333333,817.953333333333,0,0,0,0,0
0,0,303.86,514.28,818.14,0,0,0,0,0
0,0,303.95,514.273333333333,818.223333333333,0,0,0,0,0
0,0,303.95,514.26,818.21,0,0,0,0,0
0,0,304.15,514.26,818.41,0,0,0,0,0
0,0,304.55,514.26,818.81,0,0,0,0,0
0,0,304.553333333333,514.25,818.803333333333,0,0,0,0,0
0,0,304.56,514.25,818.81,0,0,0,0,0
0,0,304.763333333333,514.24,819.003333333333,0,0,0,0,0
0,0,305.17,514.246666666667,819.416666666667,0,0,0,0,0
0,0,305.18,514.25,819.43,0,0,0,0,0
0,0,305.343333333333,514.25,819.593333333333,0,0,0,0,0
0,0,305.67,514.25,819.92,0,0,0,0,0
0,0,305.743333333333,514.21,819.953333333333,0,0,0,0,0
0,0,305.78,514.283333333333,820.063333333333,0,0,0,0,0
0,0,306.41,514.32,820.73,0,0,0,0,0
0,0,306.426666666667,514.31,820.736666666667,0,0,0,0,0
0,0,306.46,514.31,820.77,0,0,0,0,0
0,0,306.65,514.29,820.94,0,0,0,0,0
0,0,307.03,514.256666666667,821.286666666667,0,0,0,0,0
0,0,307.04,514.24,821.28,0,0,0,0,0
0,0,307.073333333333,514.29,821.363333333333,0,0,0,0,0
0,0,307.14,514.29,821.43,0,0,0,0,0
0,0,307.326666666667,514.29,821.616666666667,0,0,0,0,0
0,0,307.7,514.286666666667,821.986666666667,0,0,0,0,0
0,0,308.13,514.28,822.41,0,0,0,0,0
0,0,308.13,514.23,822.36,0,0,0,0,0
0,0,308.28,514.23,822.51,0,0,0,0,0
0,0,308.28,514.263333333333,822.543333333333,0,0,0,0,0
0,0,308.59,514.28,822.87,0,0,0,0,0
0,0,308.693333333333,514.29,822.983333333333,0,0,0,0,0
0,0,308.9,514.336666666667,823.236666666667,0,0,0,0,0
0,0,309.49,514.36,823.85,0,0,0,0,0
0,0,309.49,514.44,823.93,0,0,0,0,0
0,0,309.52,514.48,824,0,0,0,0,0
0,0,309.58,514.74,824.32,0,0,0,0,0
0,0,309.61,514.743333333333,824.353333333333,0,0,0,0,0
0,0,309.963333333333,514.75,824.713333333333,0,0,0,0,0
0,0,310.14,514.843333333333,824.983333333333,0,0,0,0,0
0,0,310.2,514.89,825.09,0,0,0,0,0
0,0,310.393333333333,514.856666666667,825.25,0,0,0,0,0
0,0,310.78,514.866666666667,825.646666666667,0,0,0,0,0
0,0,310.946666666667,514.92,825.866666666667,0,0,0,0,0
0,0,311.03,514.913333333333,825.943333333333,0,0,0,0,0
0,0,311.303333333333,514.9,826.203333333333,0,0,0,0,0
0,0,311.44,514.913333333333,826.353333333333,0,0,0,0,0
0,0,311.46,514.92,826.38,0,0,0,0,0
0,0,311.82,514.8,826.62,0,0,0,0,0
0,0,312,514.843333333333,826.843333333333,0,0,0,0,0
0,0,312.146666666667,514.93,827.076666666667,0,0,0,0,0
0,0,312.22,514.89,827.11,0,0,0,0,0
0,0,312.66,514.87,827.53,0,0,0,0,0
0,0,312.8,514.93,827.73,0,0,0,0,0
0,0,313.08,514.93,828.01,0,0,0,0,0
0,0,313.15,514.98,828.13,0,0,0,0,0
0,0,313.29,515.053333333333,828.343333333333,0,0,0,0,0
0,0,313.663333333333,515.2,828.863333333333,0,0,0,0,0
0,0,313.85,515.28,829.13,0,0,0,0,0
0,0,313.92,515.32,829.24,0,0,0,0,0
0,0,313.92,515.42,829.34,0,0,0,0,0
0,0,314.48,515.47,829.95,0,0,0,0,0
0,0,314.506666666667,515.5,830.006666666667,0,0,0,0,0
0,0,314.56,515.503333333333,830.063333333333,0,0,0,0,0
0,0,314.766666666667,515.51,830.276666666667,0,0,0,0,0
0,0,314.87,515.51,830.38,0,0,0,0,0
0,0,315.07,515.51,830.58,0,0,0,0,0
0,0,315.17,515.543333333333,830.713333333333,0,0,0,0,0
0,0,315.63,515.56,831.19,0,0,0,0,0
0,0,315.683333333333,515.5,831.183333333333,0,0,0,0,0
0,0,315.79,515.5,831.29,0,0,0,0,0
0,0,315.88,515.43,831.31,0,0,0,0,0
0,0,316.06,515.463333333333,831.523333333333,0,0,0,0,0
0,0,316.43,515.53,831.96,0,0,0,0,0
0,0,316.43,515.53,831.96,0,0,0,0,0
0,0,316.62,515.53,832.15,0,0,0,0,0
0,0,316.76,515.52,832.28,0,0,0,0,0
0,0,317.04,515.536666666667,832.576666666667,0,0,0,0,0
0,0,317.073333333333,515.57,832.643333333333,0,0,0,0,0
0,0,317.09,515.596666666667,832.686666666667,0,0,0,0,0
0,0,317.67,515.61,833.28,0,0,0,0,0
0,0,317.67,515.63,833.3,0,0,0,0,0
0,0,317.72,515.64,833.36,0,0,0,0,0
0,0,318.1,515.74,833.84,0,0,0,0,0
0,0,318.29,515.753333333333,834.043333333333,0,0,0,0,0
0,0,318.24,515.78,834.02,0,0,0,0,0
0,0,318.24,515.9,834.14,0,0,0,0,0
0,0,318.88,515.96,834.84,0,0,0,0,0
0,0,319.073333333333,516.033333333333,835.106666666667,0,0,0,0,0
0,0,319.46,516.083333333333,835.543333333333,0,0,0,0,0
0,0,319.533333333333,516.11,835.643333333333,0,0,0,0,0
0,0,319.57,516.126666666667,835.696666666667,0,0,0,0,0
0,0,319.576666666667,516.16,835.736666666667,0,0,0,0,0
0,0,319.58,516.16,835.74,0,0,0,0,0
0,0,320.15,516.16,836.31,0,0,0,0,0
0,0,320.176666666667,516.17,836.346666666667,0,0,0,0,0
0,0,320.19,516.153333333333,836.343333333333,0,0,0,0,0
0,0,320.356666666667,516.12,836.476666666667,0,0,0,0,0
0,0,320.44,516.126666666667,836.566666666667,0,0,0,0,0
0,0,320.79,516.14,836.93,0,0,0,0,0
0,0,320.79,516.146666666667,836.936666666667,0,0,0,0,0
0,0,320.89,516.15,837.04,0,0,0,0,0
0,0,321.07,516.17,837.24,0,0,0,0,0
0,0,321.43,516.16,837.59,0,0,0,0,0
0,0,321.43,516.14,837.57,0,0,0,0,0
0,0,321.43,516.17,837.6,0,0,0,0,0
0,0,322.01,516.17,838.18,0,0,0,0,0
0,0,322.026666666667,516.17,838.196666666667,0,0,0,0,0
0,0,322.06,516.17,838.23,0,0,0,0,0
0,0,322.28,516.17,838.45,0,0,0,0,0
0,0,322.39,516.203333333333,838.593333333333,0,0,0,0,0
0,0,322.71,516.22,838.93,0,0,0,0,0
0,0,322.71,516.2,838.91,0,0,0,0,0
0,0,322.83,516.2,839.03,0,0,0,0,0
0,0,323.13,516.23,839.36,0,0,0,0,0
0,0,323.28,516.336666666667,839.616666666667,0,0,0,0,0
0,0,323.32,516.39,839.71,0,0,0,0,0
0,0,323.32,516.57,839.89,0,0,0,0,0
0,0,323.94,516.57,840.51,0,0,0,0,0
0,0,323.94,516.7,840.64,0,0,0,0,0
0,0,323.94,516.76,840.7,0,0,0,0,0
0,0,324.213333333333,516.79,841.003333333333,0,0,0,0,0
0,0,324.35,516.79,841.14,0,0,0,0,0
0,0,324.55,516.79,841.34,0,0,0,0,0
0,0,324.66,516.79,841.45,0,0,0,0,0
0,0,324.88,516.79,841.67,0,0,0,0,0
0,0,325.18,516.79,841.97,0,0,0,0,0
0,0,325.18,516.816666666667,841.996666666667,0,0,0,0,0
0,0,325.28,516.83,842.11,0,0,0,0,0
0,0,325.28,516.783333333333,842.063333333333,0,0,0,0,0
0,0,325.78,516.76,842.54,0,0,0,0,0
0,0,325.893333333333,516.81,842.703333333333,0,0,0,0,0
0,0,325.95,516.796666666667,842.746666666667,0,0,0,0,0
0,0,326.243333333333,516.77,843.013333333333,0,0,0,0,0
0,0,326.39,516.863333333333,843.253333333333,0,0,0,0,0
0,0,326.61,516.91,843.52,0,0,0,0,0
0,0,326.903333333333,517.04,843.943333333333,0,0,0,0,0
0,0,327.05,517.173333333333,844.223333333333,0,0,0,0,0
0,0,327.06,517.24,844.3,0,0,0,0,0
0,0,327.236666666667,517.313333333333,844.55,0,0,0,0,0
0,0,327.59,517.356666666667,844.946666666667,0,0,0,0,0
0,0,327.67,517.37,845.04,0,0,0,0,0
0,0,327.67,517.356666666667,845.026666666667,0,0,0,0,0
0,0,328.22,517.35,845.57,0,0,0,0,0
0,0,328.22,517.41,845.63,0,0,0,0,0
0,0,328.32,517.44,845.76,0,0,0,0,0
0,0,328.686666666667,517.46,846.146666666667,0,0,0,0,0
0,0,328.87,517.45,846.32,0,0,0,0,0
0,0,329.05,517.43,846.48,0,0,0,0,0
0,0,329.14,517.416666666667,846.556666666667,0,0,0,0,0
0,0,329.53,517.39,846.92,0,0,0,0,0
0,0,329.536666666667,517.42,846.956666666667,0,0,0,0,0
0,0,329.55,517.433333333333,846.983333333333,0,0,0,0,0
0,0,329.616666666667,517.46,847.076666666667,0,0,0,0,0
0,0,329.65,517.486666666667,847.136666666667,0,0,0,0,0
0,0,330.16,517.54,847.7,0,0,0,0,0
0,0,330.18,517.63,847.81,0,0,0,0,0
0,0,330.22,517.63,847.85,0,0,0,0,0
0,0,330.41,517.76,848.17,0,0,0,0,0
0,0,330.79,517.796666666667,848.586666666667,0,0,0,0,0
0,0,330.883333333333,517.87,848.753333333333,0,0,0,0,0
0,0,331.09,517.923333333333,849.013333333333,0,0,0,0,0
0,0,331.41,517.95,849.36,0,0,0,0,0
0,0,331.43,518.04,849.47,0,0,0,0,0
0,0,331.44,518.006666666667,849.446666666667,0,0,0,0,0
0,0,331.646666666667,517.94,849.586666666667,0,0,0,0,0
0,0,331.846666666667,518.006666666667,849.853333333333,0,0,0,0,0
0,0,332.04,518.04,850.08,0,0,0,0,0
0,0,332.123333333333,517.98,850.103333333333,0,0,0,0,0
0,0,332.29,517.98,850.27,0,0,0,0,0
0,0,332.42,518.07,850.49,0,0,0,0,0
0,0,332.68,518.023333333333,850.703333333333,0,0,0,0,0
0,0,332.97,518,850.97,0,0,0,0,0
0,0,332.97,517.986666666667,850.956666666667,0,0,0,0,0
0,0,333.25,517.98,851.23,0,0,0,0,0
0,0,333.29,518,851.29,0,0,0,0,0
0,0,333.37,518.02,851.39,0,0,0,0,0
0,0,333.91,518.04,851.95,0,0,0,0,0
0,0,333.91,518.04,851.95,0,0,0,0,0
0,0,333.96,518.04,852,0,0,0,0,0
0,0,334.146666666667,518.033333333333,852.18,0,0,0,0,0
0,0,334.52,518.053333333333,852.573333333333,0,0,0,0,0
0,0,334.546666666667,518.1,852.646666666667,0,0,0,0,0
0,0,334.56,518.1,852.66,0,0,0,0,0
0,0,334.58,518.1,852.68,0,0,0,0,0
0,0,334.58,518.193333333333,852.773333333333,0,0,0,0,0
0,0,335.16,518.24,853.4,0,0,0,0,0
0,0,335.16,518.26,853.42,0,0,0,0,0
0,0,335.16,518.273333333333,853.433333333333,0,0,0,0,0
0,0,335.473333333333,518.3,853.773333333333,0,0,0,0,0
0,0,335.63,518.333333333333,853.963333333333,0,0,0,0,0
0,0,335.71,518.4,854.11,0,0,0,0,0
0,0,335.913333333333,518.5,854.413333333333,0,0,0,0,0
0,0,336.24,518.5,854.74,0,0,0,0,0
0,0,336.29,518.53,854.82,0,0,0,0,0
0,0,336.39,518.53,854.92,0,0,0,0,0
0,0,336.45,518.54,854.99,0,0,0,0,0
0,0,336.57,518.6,855.17,0,0,0,0,0
0,0,337.03,518.63,855.66,0,0,0,0,0
0,0,337.026666666667,518.61,855.636666666667,0,0,0,0,0
0,0,337.02,518.61,855.63,0,0,0,0,0
0,0,337.216666666667,518.63,855.846666666667,0,0,0,0,0
0,0,337.61,518.636666666667,856.246666666667,0,0,0,0,0
0,0,337.65,518.65,856.3,0,0,0,0,0
0,0,337.65,518.65,856.3,0,0,0,0,0
0,0,338.22,518.65,856.87,0,0,0,0,0
0,0,338.22,518.583333333333,856.803333333333,0,0,0,0,0
0,0,338.21,518.55,856.76,0,0,0,0,0
0,0,338.643333333333,518.66,857.303333333333,0,0,0,0,0
0,0,338.86,518.643333333333,857.503333333333,0,0,0,0,0
0,0,338.866666666667,518.61,857.476666666667,0,0,0,0,0
0,0,338.87,518.613333333333,857.483333333333,0,0,0,0,0
0,0,339.44,518.62,858.06,0,0,0,0,0
0,0,339.47,518.66,858.13,0,0,0,0,0
0,0,339.53,518.68,858.21,0,0,0,0,0
0,0,339.836666666667,518.72,858.556666666667,0,0,0,0,0
0,0,339.99,518.7,858.69,0,0,0,0,0
0,0,340.096666666667,518.66,858.756666666667,0,0,0,0,0
0,0,340.15,518.7,858.85,0,0,0,0,0
0,0,340.72,518.723333333333,859.443333333333,0,0,0,0,0
0,0,340.75,518.73,859.48,0,0,0,0,0
0,0,340.75,518.87,859.62,0,0,0,0,0
0,0,341.29,518.94,860.23,0,0,0,0,0
0,0,341.333333333333,519.05,860.383333333333,0,0,0,0,0
0,0,341.42,519.083333333333,860.503333333333,0,0,0,0,0
0,0,341.593333333333,519.15,860.743333333333,0,0,0,0,0
0,0,341.68,519.186666666667,860.866666666667,0,0,0,0,0
0,0,341.913333333333,519.26,861.173333333333,0,0,0,0,0
0,0,342.173333333333,519.273333333333,861.446666666667,0,0,0,0,0
0,0,342.46,519.29,861.75,0,0,0,0,0
0,0,342.6,519.31,861.91,0,0,0,0,0
0,0,342.67,519.273333333333,861.943333333333,0,0,0,0,0
0,0,342.903333333333,519.2,862.103333333333,0,0,0,0,0
0,0,343.02,519.3,862.32,0,0,0,0,0
0,0,343.29,519.3,862.59,0,0,0,0,0
0,0,343.463333333333,519.34,862.803333333333,0,0,0,0,0
0,0,343.55,519.356666666667,862.906666666667,0,0,0,0,0
0,0,343.79,519.39,863.18,0,0,0,0,0
0,0,343.9,519.43,863.33,0,0,0,0,0
0,0,343.88,519.45,863.33,0,0,0,0,0
0,0,344.103333333333,519.75,863.853333333333,0,0,0,0,0
0,0,344.55,519.75,864.3,0,0,0,0,0
0,0,344.556666666667,519.9,864.456666666667,0,0,0,0,0
0,0,344.57,519.913333333333,864.483333333333,0,0,0,0,0
0,0,345.17,519.94,865.11,0,0,0,0,0
0,0,345.17,519.926666666667,865.096666666667,0,0,0,0,0
0,0,345.16,519.92,865.08,0,0,0,0,0
0,0,345.16,519.893333333333,865.053333333333,0,0,0,0,0
0,0,345.69,519.88,865.57,0,0,0,0,0
0,0,345.723333333333,519.94,865.663333333333,0,0,0,0,0
0,0,345.79,519.943333333333,865.733333333333,0,0,0,0,0
0,0,346.156666666667,519.95,866.106666666667,0,0,0,0,0
0,0,346.34,519.933333333333,866.273333333333,0,0,0,0,0
0,0,346.373333333333,519.9,866.273333333333,0,0,0,0,0
0,0,346.58,519.873333333333,866.453333333333,0,0,0,0,0
0,0,346.96,519.873333333333,866.833333333333,0,0,0,0,0
0,0,346.986666666667,519.9,866.886666666667,0,0,0,0,0
0,0,347,519.906666666667,866.906666666667,0,0,0,0,0
0,0,346.99,519.91,866.9,0,0,0,0,0
0,0,347.436666666667,520.1,867.536666666667,0,0,0,0,0
0,0,347.66,520.166666666667,867.826666666667,0,0,0,0,0
0,0,347.65,520.2,867.85,0,0,0,0,0
0,0,347.65,520.3,867.95,0,0,0,0,0
0,0,348.25,520.35,868.6,0,0,0,0,0
0,0,348.26,520.45,868.71,0,0,0,0,0
0,0,348.28,520.46,868.74,0,0,0,0,0
0,0,348.44,520.48,868.92,0,0,0,0,0
0,0,348.52,520.503333333333,869.023333333333,0,0,0,0,0
0,0,348.813333333333,520.55,869.363333333333,0,0,0,0,0
0,0,349.153333333333,520.556666666667,869.71,0,0,0,0,0
0,0,349.54,520.56,870.1,0,0,0,0,0
0,0,349.543333333333,520.58,870.123333333333,0,0,0,0,0
0,0,349.55,520.556666666667,870.106666666667,0,0,0,0,0
0,0,349.516666666667,520.51,870.026666666667,0,0,0,0,0
0,0,349.5,520.556666666667,870.056666666667,0,0,0,0,0
0,0,349.79,520.56,870.35,0,0,0,0,0
0,0,349.903333333333,520.52,870.423333333333,0,0,0,0,0
0,0,350.13,520.52,870.65,0,0,0,0,0
0,0,350.143333333333,520.54,870.683333333333,0,0,0,0,0
0,0,350.17,520.52,870.69,0,0,0,0,0
0,0,350.72,520.48,871.2,0,0,0,0,0
0,0,350.746666666667,520.52,871.266666666667,0,0,0,0,0
0,0,350.76,520.52,871.28,0,0,0,0,0
0,0,351.14,520.52,871.66,0,0,0,0,0
0,0,351.33,520.64,871.97,0,0,0,0,0
0,0,351.37,520.7,872.07,0,0,0,0,0
0,0,351.37,520.8,872.17,0,0,0,0,0
0,0,351.58,520.85,872.43,0,0,0,0,0
0,0,351.58,521.003333333333,872.583333333333,0,0,0,0,0
0,0,352.03,521.08,873.11,0,0,0,0,0
0,0,352.163333333333,521.09,873.253333333333,0,0,0,0,0
0,0,352.43,521.09,873.52,0,0,0,0,0
0,0,352.5,521.15,873.65,0,0,0,0,0
0,0,352.64,521.15,873.79,0,0,0,0,0
0,0,352.833333333333,521.16,873.993333333333,0,0,0,0,0
0,0,353.22,521.17,874.39,0,0,0,0,0
0,0,353.26,521.19,874.45,0,0,0,0,0
0,0,353.28,521.16,874.44,0,0,0,0,0
0,0,353.75,521.16,874.91,0,0,0,0,0
0,0,353.75,521.12,874.87,0,0,0,0,0
0,0,353.86,521.12,874.98,0,0,0,0,0
0,0,354.266666666667,521.13,875.396666666667,0,0,0,0,0
0,0,354.47,521.13,875.6,0,0,0,0,0
0,0,354.48,521.13,875.61,0,0,0,0,0
0,0,354.48,521.17,875.65,0,0,0,0,0
0,0,354.57,521.19,875.76,0,0,0,0,0
0,0,354.75,521.283333333333,876.033333333333,0,0,0,0,0
0,0,355.11,521.386666666667,876.496666666667,0,0,0,0,0
0,0,355.15,521.5,876.65,0,0,0,0,0
0,0,355.17,521.536666666667,876.706666666667,0,0,0,0,0
0,0,355.55,521.61,877.16,0,0,0,0,0
0,0,355.74,521.703333333333,877.443333333333,0,0,0,0,0
0,0,355.79,521.746666666667,877.536666666667,0,0,0,0,0
0,0,356.156666666667,521.74,877.896666666667,0,0,0,0,0
0,0,356.34,521.743333333333,878.083333333333,0,0,0,0,0
0,0,356.36,521.75,878.11,0,0,0,0,0
0,0,356.37,521.746666666667,878.116666666667,0,0,0,0,0
0,0,356.92,521.74,878.66,0,0,0,0,0
0,0,356.93,521.7,878.63,0,0,0,0,0
0,0,356.95,521.7,878.65,0,0,0,0,0
0,0,357,521.77,878.77,0,0,0,0,0
0,0,357.1,521.77,878.87,0,0,0,0,0
0,0,357.453333333333,521.79,879.243333333333,0,0,0,0,0
0,0,357.63,521.703333333333,879.333333333333,0,0,0,0,0
0,0,357.596666666667,521.66,879.256666666667,0,0,0,0,0
0,0,357.58,521.72,879.3,0,0,0,0,0
0,0,358.19,521.75,879.94,0,0,0,0,0
0,0,358.206666666667,522.08,880.286666666667,0,0,0,0,0
0,0,358.24,522.096666666667,880.336666666667,0,0,0,0,0
0,0,358.65,522.13,880.78,0,0,0,0,0
0,0,358.65,522.19,880.84,0,0,0,0,0
0,0,358.89,522.22,881.11,0,0,0,0,0
0,0,358.923333333333,522.33,881.253333333333,0,0,0,0,0
0,0,358.99,522.32,881.31,0,0,0,0,0
0,0,359.44,522.3,881.74,0,0,0,0,0
0,0,359.44,522.333333333333,881.773333333333,0,0,0,0,0
0,0,359.47,522.35,881.82,0,0,0,0,0
0,0,359.596666666667,522.41,882.006666666667,0,0,0,0,0
0,0,359.85,522.41,882.26,0,0,0,0,0
0,0,360.036666666667,522.41,882.446666666667,0,0,0,0,0
0,0,360.13,522.436666666667,882.566666666667,0,0,0,0,0
0,0,360.17,522.45,882.62,0,0,0,0,0
0,0,360.17,522.456666666667,882.626666666667,0,0,0,0,0
