Frequency,Most_Recent_Date_Time,Most_Recent_Angle,Most_Recent_Current,Most_Recent_AngleAndCurrent,Most_Recent_AngleChange,Most_Recent_CurrentChange,Most_Recent_AngleAndCurrentChange,Aggregation_Date_Time_Start,Aggregation_Date_Time_End,Aggregation_Count,Min_Angle,Avg_Angle,Max_Angle,Min_Current,Avg_Current,Max_Current,Min_AngleAndCurrent,Avg_AngleAndCurrent,Max_AngleAndCurrent
4000000.00,20180516_1911_04,380.22,482.98,863.20,0.0000,0.0000,0.0000,20180516_1908_26,20180516_1911_04,3,380.22,380.35,380.53,482.98,483.24,483.68,863.20,863.59,863.98
4005000.00,20180516_1911_04,380.22,483.34,863.56,0.0000,0.0745,0.0417,20180516_1908_26,20180516_1911_04,3,380.22,380.35,380.53,483.34,483.52,483.65,863.56,863.87,864.11
4010006.00,20180516_1911_04,380.24,483.34,863.58,0.0053,0.0372,0.0232,20180516_1908_26,20180516_1911_04,3,380.24,380.38,380.58,483.34,483.52,483.65,863.58,863.90,864.16
4015019.00,20180516_1911_04,380.24,483.50,863.74,0.0035,0.0579,0.0340,20180516_1908_26,20180516_1911_04,3,380.24,380.38,380.58,483.50,483.58,483.65,863.74,863.95,864.16
4020038.00,20180516_1911_04,380.30,483.50,863.80,0.0184,0.0434,0.0324,20180516_1908_26,20180516_1911_04,3,380.30,380.40,380.58,483.50,483.70,483.97,863.80,864.09,864.28
4025063.00,20180516_1911_04,380.30,483.50,863.80,0.0147,0.0347,0.0259,20180516_1908_26,20180516_1911_04,3,380.30,380.49,380.62,483.50,483.70,483.97,863.80,864.18,864.51
4030094.00,20180516_1911_04,380.30,483.56,863.86,0.0123,0.0414,0.0286,20180516_1908_27,20180516_1911_04,3,380.30,380.49,380.62,483.56,483.72,483.97,863.86,864.20,864.51
4035132.00,20180516_1911_04,380.54,483.56,864.10,0.0736,0.0354,0.0522,20180516_1908_27,20180516_1911_04,3,380.54,380.59,380.70,483.56,483.81,484.17,864.10,864.41,864.71
4040176.00,20180516_1911_05,380.54,484.03,864.57,0.0644,0.1281,0.1000,20180516_1908_27,20180516_1911_05,3,380.54,380.61,380.70,484.03,484.13,484.20,864.57,864.74,864.90
4045226.00,20180516_1911_05,380.63,484.03,864.66,0.0809,0.1139,0.0993,20180516_1908_27,20180516_1911_05,3,380.59,380.62,380.64,484.03,484.13,484.20,864.66,864.75,864.84
4050282.00,20180516_1911_05,380.63,484.03,864.66,0.0728,0.1025,0.0894,20180516_1908_27,20180516_1911_05,3,380.59,380.62,380.64,484.03,484.18,484.31,864.66,864.80,864.90
4055345.00,20180516_1911_05,380.63,484.11,864.74,0.0662,0.1097,0.0905,20180516_1908_27,20180516_1911_05,3,380.63,380.66,380.70,484.11,484.19,484.31,864.74,864.85,865.01
4060414.00,20180516_1911_05,380.55,484.11,864.66,0.0396,0.1005,0.0737,20180516_1908_27,20180516_1911_05,3,380.55,380.61,380.70,484.11,484.19,484.31,864.66,864.81,865.01
4065490.00,20180516_1911_05,380.55,484.11,864.66,0.0366,0.0928,0.0681,20180516_1908_27,20180516_1911_05,3,380.55,380.61,380.70,484.11,484.14,484.16,864.66,864.76,864.86
4070572.00,20180516_1911_05,380.55,484.11,864.66,0.0340,0.0862,0.0632,20180516_1908_27,20180516_1911_05,3,380.55,380.58,380.59,484.11,484.14,484.16,864.66,864.72,864.75
4075660.00,20180516_1911_05,380.55,484.11,864.66,0.0317,0.0804,0.0590,20180516_1908_27,20180516_1911_05,3,380.55,380.58,380.59,484.11,484.16,484.20,864.66,864.73,864.79
4080755.00,20180516_1911_05,380.55,484.11,864.66,0.0297,0.0754,0.0553,20180516_1908_27,20180516_1911_05,3,380.55,380.59,380.63,484.11,484.15,484.20,864.66,864.74,864.83
4085855.00,20180516_1911_05,380.55,484.12,864.67,0.0280,0.0730,0.0532,20180516_1908_27,20180516_1911_05,3,380.55,380.58,380.63,484.12,484.15,484.20,864.67,864.74,864.83
4090963.00,20180516_1911_05,380.55,484.12,864.67,0.0264,0.0690,0.0502,20180516_1908_27,20180516_1911_05,3,380.55,380.58,380.63,484.12,484.17,484.24,864.67,864.75,864.87
4096076.00,20180516_1911_05,380.57,484.12,864.69,0.0303,0.0653,0.0499,20180516_1908_27,20180516_1911_05,3,380.57,380.62,380.72,484.12,484.17,484.24,864.69,864.79,864.96
4101197.00,20180516_1911_05,380.57,484.12,864.69,0.0288,0.0621,0.0474,20180516_1908_28,20180516_1911_05,3,380.57,380.62,380.72,484.12,484.14,484.16,864.69,864.76,864.88
4106323.00,20180516_1911_05,380.57,484.18,864.75,0.0242,0.0627,0.0457,20180516_1908_28,20180516_1911_05,3,380.57,380.63,380.72,484.14,484.16,484.18,864.74,864.79,864.88
4111456.00,20180516_1911_06,380.73,484.18,864.91,0.0616,0.0540,0.0573,20180516_1908_28,20180516_1911_06,3,380.60,380.75,380.92,484.14,484.16,484.18,864.74,864.91,865.08
4116595.00,20180516_1911_06,380.73,484.18,864.91,0.0552,0.0453,0.0497,20180516_1908_28,20180516_1911_06,3,380.60,380.75,380.92,484.16,484.18,484.19,864.79,864.93,865.08
4121741.00,20180516_1911_06,380.73,484.06,864.79,0.0487,0.0135,0.0290,20180516_1908_28,20180516_1911_06,3,380.73,380.82,380.92,484.06,484.13,484.19,864.79,864.95,865.06
4126893.00,20180516_1911_06,380.95,484.06,865.01,0.1008,0.0077,0.0487,20180516_1908_28,20180516_1911_06,3,380.81,380.97,381.14,484.06,484.13,484.19,865.00,865.10,865.28
4132052.00,20180516_1911_06,380.95,484.06,865.01,0.0923,0.0020,0.0417,20180516_1908_28,20180516_1911_06,3,380.81,380.97,381.14,484.06,484.13,484.18,864.99,865.09,865.28
4137217.00,20180516_1911_06,380.95,484.08,865.03,0.0837,0.0009,0.0374,20180516_1908_28,20180516_1911_06,3,380.95,381.07,381.14,484.08,484.14,484.18,865.03,865.20,865.29
4142388.00,20180516_1911_06,381.14,484.08,865.22,0.1282,0.0044,0.0540,20180516_1908_28,20180516_1911_06,3,381.11,381.15,381.20,484.08,484.13,484.16,865.22,865.28,865.35
4147566.00,20180516_1911_06,381.14,484.08,865.22,0.1203,0.0050,0.0502,20180516_1908_28,20180516_1911_06,3,381.11,381.15,381.20,484.08,484.16,484.24,865.22,865.31,865.44
4152751.00,20180516_1911_06,381.14,484.07,865.21,0.1136,0.0075,0.0458,20180516_1908_28,20180516_1911_06,3,381.14,381.21,381.28,484.07,484.16,484.24,865.21,865.37,865.52
4157942.00,20180516_1911_06,381.14,484.07,865.21,0.1069,0.0079,0.0427,20180516_1908_28,20180516_1911_06,3,381.14,381.21,381.28,484.07,484.16,484.24,865.21,865.37,865.52
4163139.00,20180516_1911_06,381.14,484.07,865.21,0.1002,0.0075,0.0399,20180516_1908_28,20180516_1911_06,3,381.14,381.21,381.28,484.07,484.15,484.20,865.21,865.36,865.48
4168343.00,20180516_1911_06,381.14,484.04,865.18,0.0925,0.0133,0.0333,20180516_1908_28,20180516_1911_06,3,381.14,381.21,381.28,484.04,484.14,484.20,865.18,865.35,865.48
4173554.00,20180516_1911_06,381.12,484.04,865.16,0.0795,0.0126,0.0280,20180516_1908_29,20180516_1911_06,3,381.12,381.20,381.25,484.04,484.14,484.20,865.16,865.34,865.45
4178771.00,20180516_1911_06,381.12,484.04,865.16,0.0720,0.0119,0.0251,20180516_1908_29,20180516_1911_06,3,381.12,381.20,381.25,484.04,484.15,484.20,865.16,865.34,865.45
4183994.00,20180516_1911_07,381.12,484.05,865.17,0.0645,0.0091,0.0233,20180516_1908_29,20180516_1911_07,3,381.12,381.20,381.25,484.05,484.15,484.21,865.17,865.35,865.46
4189224.00,20180516_1911_07,381.12,484.05,865.17,0.0571,0.0085,0.0204,20180516_1908_29,20180516_1911_07,3,381.12,381.20,381.25,484.05,484.15,484.21,865.17,865.35,865.46
4194461.00,20180516_1911_07,381.12,484.05,865.17,0.0496,0.0077,0.0175,20180516_1908_29,20180516_1911_07,3,381.12,381.20,381.25,484.05,484.15,484.21,865.17,865.35,865.46
4199704.00,20180516_1911_07,381.12,484.06,865.18,0.0421,0.0050,0.0158,20180516_1908_29,20180516_1911_07,3,381.12,381.19,381.25,484.06,484.15,484.21,865.18,865.34,865.46
4204953.00,20180516_1911_07,381.12,484.06,865.18,0.0349,0.0043,0.0129,20180516_1908_29,20180516_1911_07,3,381.12,381.19,381.25,484.06,484.15,484.21,865.18,865.34,865.46
4210210.00,20180516_1911_07,381.12,484.06,865.18,0.0277,0.0037,0.0101,20180516_1908_29,20180516_1911_07,3,381.12,381.19,381.25,484.06,484.17,484.25,865.18,865.37,865.46
4215472.00,20180516_1911_07,381.12,484.10,865.22,0.0205,0.0058,0.0122,20180516_1908_29,20180516_1911_07,3,381.12,381.21,381.27,484.10,484.19,484.25,865.22,865.40,865.52
4220742.00,20180516_1911_07,381.18,484.10,865.28,0.0311,0.0066,0.0174,20180516_1908_29,20180516_1911_07,3,381.18,381.27,381.37,484.10,484.19,484.25,865.28,865.46,865.59
4226018.00,20180516_1911_07,381.18,484.10,865.28,0.0252,0.0074,0.0153,20180516_1908_29,20180516_1911_07,3,381.18,381.27,381.37,484.10,484.18,484.22,865.28,865.45,865.59
4231300.00,20180516_1911_07,381.18,484.10,865.28,0.0193,0.0070,0.0124,20180516_1908_29,20180516_1911_07,3,381.18,381.28,381.37,484.10,484.20,484.27,865.28,865.47,865.64
4236589.00,20180516_1911_07,381.18,484.20,865.38,0.0163,0.0273,0.0224,20180516_1908_29,20180516_1911_07,3,381.18,381.40,381.73,484.20,484.23,484.27,865.38,865.63,866.00
4241885.00,20180516_1911_07,381.46,484.20,865.66,0.0866,0.0258,0.0526,20180516_1908_29,20180516_1911_07,3,381.28,381.49,381.73,484.20,484.24,484.27,865.54,865.73,866.00
4247187.00,20180516_1911_07,381.46,484.20,865.66,0.0800,0.0246,0.0490,20180516_1908_30,20180516_1911_07,3,381.46,381.60,381.73,484.20,484.23,484.26,865.66,865.82,865.95
4252496.00,20180516_1911_07,381.46,484.12,865.58,0.0758,0.0068,0.0372,20180516_1908_30,20180516_1911_07,3,381.46,381.62,381.81,484.12,484.20,484.26,865.58,865.82,866.03
4257812.00,20180516_1911_08,381.67,484.12,865.79,0.1265,0.0064,0.0594,20180516_1908_30,20180516_1911_08,3,381.60,381.69,381.81,484.12,484.20,484.26,865.79,865.89,866.03
4263134.00,20180516_1911_08,381.67,484.12,865.79,0.1196,0.0059,0.0560,20180516_1908_30,20180516_1911_08,3,381.60,381.69,381.81,484.12,484.21,484.30,865.79,865.90,866.02
4268463.00,20180516_1911_08,381.67,484.22,865.89,0.1127,0.0260,0.0642,20180516_1908_30,20180516_1911_08,3,381.67,381.76,381.82,484.21,484.24,484.30,865.89,866.00,866.09
4273799.00,20180516_1911_08,381.76,484.22,865.98,0.1293,0.0245,0.0707,20180516_1908_30,20180516_1911_08,3,381.76,381.79,381.82,484.21,484.28,484.41,865.98,866.07,866.20
4279141.00,20180516_1911_08,381.76,484.22,865.98,0.1212,0.0226,0.0660,20180516_1908_30,20180516_1911_08,3,381.76,381.82,381.87,484.22,484.32,484.41,865.98,866.14,866.28
4284490.00,20180516_1911_08,381.76,484.19,865.95,0.1128,0.0146,0.0579,20180516_1908_30,20180516_1911_08,3,381.76,381.83,381.87,484.19,484.31,484.41,865.95,866.14,866.28
4289845.00,20180516_1911_08,381.71,484.19,865.90,0.0913,0.0130,0.0475,20180516_1908_30,20180516_1911_08,3,381.71,381.82,381.87,484.19,484.32,484.45,865.90,866.14,866.32
4295208.00,20180516_1911_08,381.71,484.19,865.90,0.0836,0.0116,0.0433,20180516_1908_30,20180516_1911_08,3,381.71,381.82,381.87,484.19,484.34,484.45,865.90,866.16,866.32
4300577.00,20180516_1911_08,381.71,484.32,866.03,0.0758,0.0370,0.0541,20180516_1908_30,20180516_1911_08,3,381.71,381.82,381.88,484.32,484.39,484.45,866.03,866.21,866.32
4305952.00,20180516_1911_08,381.75,484.32,866.07,0.0786,0.0342,0.0538,20180516_1908_30,20180516_1911_08,3,381.75,381.83,381.88,484.32,484.39,484.47,866.07,866.23,866.34
4311335.00,20180516_1911_08,381.75,484.32,866.07,0.0703,0.0315,0.0486,20180516_1908_30,20180516_1911_08,3,381.75,381.83,381.88,484.32,484.38,484.47,866.07,866.21,866.34
4316724.00,20180516_1911_08,381.75,484.42,866.17,0.0621,0.0494,0.0550,20180516_1908_30,20180516_1911_08,3,381.75,381.81,381.84,484.35,484.41,484.47,866.17,866.22,866.31
4322120.00,20180516_1911_08,381.79,484.42,866.21,0.0643,0.0457,0.0539,20180516_1908_31,20180516_1911_08,3,381.79,381.82,381.84,484.35,484.41,484.47,866.19,866.24,866.31
4327523.00,20180516_1911_08,381.79,484.42,866.21,0.0555,0.0424,0.0482,20180516_1908_31,20180516_1911_08,3,381.79,381.82,381.84,484.42,484.47,484.55,866.21,866.29,866.38
4332932.00,20180516_1911_09,381.79,484.40,866.19,0.0475,0.0350,0.0405,20180516_1908_31,20180516_1911_09,3,381.79,381.82,381.85,484.40,484.46,484.55,866.19,866.29,866.38
4338348.00,20180516_1911_09,381.73,484.40,866.13,0.0238,0.0319,0.0283,20180516_1908_31,20180516_1911_09,3,381.73,381.80,381.85,484.40,484.47,484.57,866.13,866.27,866.40
4343771.00,20180516_1911_09,381.73,484.40,866.13,0.0166,0.0288,0.0234,20180516_1908_31,20180516_1911_09,3,381.73,381.81,381.85,484.40,484.51,484.57,866.13,866.31,866.41
4349201.00,20180516_1911_09,381.73,484.60,866.33,0.0094,0.0680,0.0422,20180516_1908_31,20180516_1911_09,3,381.73,381.88,382.06,484.55,484.57,484.60,866.33,866.45,866.61
4354637.00,20180516_1911_09,382.01,484.60,866.61,0.0792,0.0639,0.0706,20180516_1908_31,20180516_1911_09,3,381.84,381.97,382.06,484.55,484.61,484.67,866.51,866.58,866.61
4360081.00,20180516_1911_09,382.01,484.60,866.61,0.0720,0.0597,0.0651,20180516_1908_31,20180516_1911_09,3,381.84,381.97,382.06,484.55,484.61,484.67,866.51,866.58,866.61
4365531.00,20180516_1911_09,382.01,484.60,866.61,0.0648,0.0548,0.0592,20180516_1908_31,20180516_1911_09,3,382.01,382.03,382.06,484.58,484.62,484.67,866.61,866.65,866.69
4370988.00,20180516_1911_09,382.01,484.68,866.69,0.0603,0.0663,0.0637,20180516_1908_31,20180516_1911_09,3,382.01,382.12,382.34,484.58,484.64,484.68,866.69,866.77,866.92
4376451.00,20180516_1911_09,382.27,484.68,866.95,0.1239,0.0606,0.0885,20180516_1908_31,20180516_1911_09,3,382.02,382.21,382.34,484.58,484.63,484.68,866.66,866.84,866.95
4381922.00,20180516_1911_09,382.27,484.68,866.95,0.1160,0.0558,0.0824,20180516_1908_31,20180516_1911_09,3,382.24,382.28,382.34,484.63,484.65,484.68,866.88,866.93,866.97
4387399.00,20180516_1911_09,382.27,484.62,866.89,0.1093,0.0387,0.0699,20180516_1908_31,20180516_1911_09,3,382.24,382.33,382.47,484.62,484.63,484.64,866.88,866.96,867.10
4392884.00,20180516_1911_09,382.38,484.62,867.00,0.1314,0.0346,0.0773,20180516_1908_32,20180516_1911_09,3,382.24,382.36,382.47,484.62,484.67,484.77,867.00,867.04,867.10
4398375.00,20180516_1911_09,382.38,484.62,867.00,0.1233,0.0301,0.0712,20180516_1908_32,20180516_1911_09,3,382.38,382.44,382.48,484.62,484.71,484.77,867.00,867.16,867.25
4403873.00,20180516_1911_09,382.38,484.65,867.03,0.1145,0.0319,0.0683,20180516_1908_32,20180516_1911_09,3,382.38,382.46,382.51,484.65,484.72,484.77,867.03,867.18,867.26
4409377.00,20180516_1911_10,382.40,484.65,867.05,0.1110,0.0271,0.0641,20180516_1908_32,20180516_1911_10,3,382.40,382.46,382.51,484.65,484.71,484.75,867.05,867.17,867.26
4414889.00,20180516_1911_10,382.40,484.65,867.05,0.1020,0.0237,0.0582,20180516_1908_32,20180516_1911_10,3,382.40,382.45,382.51,484.65,484.70,484.73,867.05,867.15,867.24
4420408.00,20180516_1911_10,382.40,484.68,867.08,0.0935,0.0265,0.0561,20180516_1908_32,20180516_1911_10,3,382.40,382.44,382.47,484.68,484.71,484.73,867.08,867.15,867.20
4425933.00,20180516_1911_10,382.40,484.68,867.08,0.0850,0.0228,0.0502,20180516_1908_32,20180516_1911_10,3,382.40,382.44,382.47,484.68,484.71,484.73,867.08,867.15,867.20
4431466.00,20180516_1911_10,382.40,484.68,867.08,0.0765,0.0201,0.0450,20180516_1908_32,20180516_1911_10,3,382.40,382.43,382.47,484.68,484.71,484.73,867.08,867.15,867.20
4437005.00,20180516_1911_10,382.40,484.66,867.06,0.0685,0.0133,0.0377,20180516_1908_32,20180516_1911_10,3,382.40,382.43,382.47,484.66,484.71,484.75,867.06,867.15,867.22
4442551.00,20180516_1911_10,382.38,484.66,867.04,0.0553,0.0108,0.0304,20180516_1908_32,20180516_1911_10,3,382.38,382.43,382.47,484.66,484.74,484.80,867.04,867.16,867.23
4448105.00,20180516_1911_10,382.38,484.66,867.04,0.0476,0.0082,0.0255,20180516_1908_32,20180516_1911_10,3,382.38,382.44,382.48,484.66,484.74,484.80,867.04,867.18,867.28
4453665.00,20180516_1911_10,382.38,484.66,867.04,0.0391,0.0055,0.0203,20180516_1908_32,20180516_1911_10,3,382.38,382.44,382.48,484.66,484.76,484.81,867.04,867.20,867.28
4459232.00,20180516_1911_10,382.38,484.66,867.04,0.0306,0.0028,0.0151,20180516_1908_32,20180516_1911_10,3,382.38,382.47,382.54,484.66,484.73,484.81,867.04,867.20,867.35
4464806.00,20180516_1911_10,382.38,484.68,867.06,0.0221,0.0063,0.0133,20180516_1908_32,20180516_1911_10,3,382.38,382.45,382.54,484.68,484.74,484.81,867.06,867.19,867.35
4470387.00,20180516_1911_10,382.45,484.68,867.13,0.0356,0.0055,0.0187,20180516_1908_33,20180516_1911_10,3,382.43,382.47,382.54,484.68,484.73,484.79,867.13,867.20,867.33
4475975.00,20180516_1911_10,382.45,484.68,867.13,0.0298,0.0046,0.0157,20180516_1908_33,20180516_1911_10,3,382.43,382.49,382.59,484.68,484.73,484.79,867.13,867.22,867.38
4481570.00,20180516_1911_11,382.45,484.69,867.14,0.0241,0.0059,0.0139,20180516_1908_33,20180516_1911_11,3,382.45,382.50,382.59,484.69,484.73,484.79,867.14,867.23,867.38
4487172.00,20180516_1911_11,382.70,484.69,867.39,0.0836,0.0058,0.0401,20180516_1908_33,20180516_1911_11,3,382.47,382.59,382.70,484.69,484.73,484.78,867.18,867.31,867.39
4492781.00,20180516_1911_11,382.70,484.69,867.39,0.0780,0.0057,0.0376,20180516_1908_33,20180516_1911_11,3,382.47,382.67,382.85,484.69,484.75,484.78,867.25,867.42,867.63
4498397.00,20180516_1911_11,382.70,484.69,867.39,0.0724,0.0056,0.0350,20180516_1908_33,20180516_1911_11,3,382.70,382.77,382.85,484.69,484.75,484.78,867.39,867.52,867.63
4504020.00,20180516_1911_11,382.70,484.70,867.40,0.0668,0.0069,0.0333,20180516_1908_33,20180516_1911_11,3,382.70,382.77,382.85,484.70,484.76,484.81,867.40,867.54,867.66
4509650.00,20180516_1911_11,382.97,484.70,867.67,0.1330,0.0061,0.0621,20180516_1908_33,20180516_1911_11,3,382.77,382.94,383.09,484.70,484.78,484.82,867.59,867.72,867.90
4515287.00,20180516_1911_11,382.97,484.68,867.65,0.1253,0.0011,0.0560,20180516_1908_33,20180516_1911_11,3,382.97,383.04,383.09,484.68,484.77,484.82,867.65,867.81,867.90
4520931.00,20180516_1911_11,383.00,484.68,867.68,0.1255,0.0008,0.0558,20180516_1908_33,20180516_1911_11,3,383.00,383.05,383.09,484.68,484.78,484.84,867.68,867.83,867.93
4526582.00,20180516_1911_11,383.00,484.68,867.68,0.1176,0.0005,0.0522,20180516_1908_33,20180516_1911_11,3,383.00,383.06,383.14,484.68,484.74,484.84,867.68,867.80,867.98
4532240.00,20180516_1911_11,383.00,484.68,867.68,0.1098,0.0002,0.0486,20180516_1908_33,20180516_1911_11,3,383.00,383.05,383.14,484.68,484.74,484.84,867.68,867.79,867.98
4537906.00,20180516_1911_11,383.00,484.71,867.71,0.1020,0.0064,0.0486,20180516_1908_33,20180516_1911_11,3,383.00,383.05,383.14,484.70,484.73,484.78,867.71,867.78,867.92
4543578.00,20180516_1911_11,383.02,484.71,867.73,0.0993,0.0061,0.0472,20180516_1908_33,20180516_1911_11,3,383.02,383.04,383.09,484.65,484.71,484.78,867.67,867.76,867.87
4549257.00,20180516_1911_11,383.02,484.71,867.73,0.0912,0.0058,0.0435,20180516_1908_34,20180516_1911_11,3,382.98,383.03,383.09,484.65,484.71,484.78,867.63,867.74,867.87
4554944.00,20180516_1911_11,383.02,484.64,867.66,0.0832,0.0092,0.0316,20180516_1908_34,20180516_1911_11,3,382.98,383.03,383.09,484.64,484.69,484.77,867.63,867.72,867.86
4560638.00,20180516_1911_12,382.97,484.64,867.61,0.0618,0.0090,0.0222,20180516_1908_34,20180516_1911_12,3,382.97,383.01,383.08,484.64,484.73,484.79,867.61,867.74,867.85
4566338.00,20180516_1911_12,382.97,484.64,867.61,0.0541,0.0088,0.0190,20180516_1908_34,20180516_1911_12,3,382.97,383.05,383.09,484.64,484.73,484.79,867.61,867.78,867.88
4572046.00,20180516_1911_12,382.97,484.67,867.64,0.0463,0.0024,0.0191,20180516_1908_34,20180516_1911_12,3,382.97,383.05,383.09,484.67,484.72,484.79,867.64,867.77,867.88
4577761.00,20180516_1911_12,382.99,484.67,867.66,0.0439,0.0025,0.0180,20180516_1908_34,20180516_1911_12,3,382.99,383.04,383.09,484.67,484.72,484.79,867.66,867.76,867.88
4583484.00,20180516_1911_12,382.99,484.67,867.66,0.0359,0.0024,0.0145,20180516_1908_34,20180516_1911_12,3,382.99,383.04,383.09,484.67,484.72,484.77,867.66,867.75,867.86
4589213.00,20180516_1911_12,382.99,484.63,867.62,0.0288,0.0105,0.0069,20180516_1908_34,20180516_1911_12,3,382.99,383.03,383.08,484.63,484.75,484.85,867.62,867.78,867.88
4594949.00,20180516_1911_12,382.97,484.63,867.60,0.0166,0.0100,0.0017,20180516_1908_34,20180516_1911_12,3,382.97,383.07,383.17,484.63,484.73,484.85,867.60,867.80,868.02
4600693.00,20180516_1911_12,382.97,484.63,867.60,0.0098,0.0094,0.0009,20180516_1908_34,20180516_1911_12,3,382.97,383.06,383.17,484.63,484.73,484.85,867.60,867.79,868.02
4606444.00,20180516_1911_12,382.97,484.61,867.58,0.0063,0.0129,0.0044,20180516_1908_34,20180516_1911_12,3,382.97,383.06,383.17,484.61,484.68,484.71,867.58,867.74,867.88
4612202.00,20180516_1911_12,383.07,484.61,867.68,0.0288,0.0121,0.0060,20180516_1908_34,20180516_1911_12,3,383.04,383.12,383.24,484.61,484.68,484.73,867.68,867.80,867.95
4617967.00,20180516_1911_12,383.07,484.61,867.68,0.0240,0.0112,0.0043,20180516_1908_34,20180516_1911_12,3,383.04,383.12,383.24,484.61,484.68,484.73,867.68,867.80,867.95
4623740.00,20180516_1911_12,383.07,484.59,867.66,0.0192,0.0144,0.0004,20180516_1908_34,20180516_1911_12,3,383.07,383.16,383.24,484.59,484.69,484.76,867.66,867.86,868.00
4629519.00,20180516_1911_12,383.39,484.59,867.98,0.1013,0.0133,0.0373,20180516_1908_35,20180516_1911_12,3,383.18,383.38,383.56,484.59,484.69,484.76,867.91,868.07,868.32
4635306.00,20180516_1911_12,383.39,484.59,867.98,0.0959,0.0124,0.0354,20180516_1908_35,20180516_1911_12,3,383.18,383.38,383.56,484.59,484.71,484.77,867.95,868.08,868.32
4641100.00,20180516_1911_13,383.39,484.60,867.99,0.0908,0.0094,0.0348,20180516_1908_35,20180516_1911_13,3,383.39,383.49,383.56,484.60,484.71,484.77,867.99,868.20,868.32
4646902.00,20180516_1911_13,383.55,484.60,868.15,0.1274,0.0086,0.0515,20180516_1908_35,20180516_1911_13,3,383.53,383.59,383.68,484.60,484.71,484.77,868.15,868.30,868.44
4652711.00,20180516_1911_13,383.55,484.60,868.15,0.1202,0.0077,0.0488,20180516_1908_35,20180516_1911_13,3,383.53,383.59,383.68,484.60,484.70,484.76,868.15,868.29,868.44
4658526.00,20180516_1911_13,383.55,484.60,868.15,0.1130,0.0066,0.0463,20180516_1908_35,20180516_1911_13,3,383.55,383.64,383.69,484.60,484.70,484.76,868.15,868.34,868.45
4664350.00,20180516_1911_13,383.55,484.63,868.18,0.1061,0.0007,0.0473,20180516_1908_35,20180516_1911_13,3,383.55,383.64,383.69,484.63,484.71,484.76,868.18,868.35,868.45
4670180.00,20180516_1911_13,383.58,484.63,868.21,0.1070,0.0015,0.0481,20180516_1908_35,20180516_1911_13,3,383.58,383.65,383.69,484.63,484.74,484.83,868.21,868.39,868.50
4676018.00,20180516_1911_13,383.58,484.63,868.21,0.0997,0.0016,0.0450,20180516_1908_35,20180516_1911_13,3,383.58,383.67,383.74,484.63,484.74,484.83,868.21,868.42,868.57
4681863.00,20180516_1911_13,383.58,484.69,868.27,0.0918,0.0141,0.0484,20180516_1908_35,20180516_1911_13,3,383.58,383.67,383.74,484.69,484.76,484.83,868.27,868.44,868.57
4687715.00,20180516_1911_13,383.64,484.69,868.33,0.0995,0.0136,0.0515,20180516_1908_35,20180516_1911_13,3,383.64,383.69,383.74,484.69,484.72,484.75,868.33,868.41,868.49
4693575.00,20180516_1911_13,383.64,484.69,868.33,0.0907,0.0134,0.0476,20180516_1908_35,20180516_1911_13,3,383.64,383.66,383.68,484.69,484.72,484.75,868.33,868.38,868.43
4699442.00,20180516_1911_13,383.64,484.68,868.32,0.0822,0.0111,0.0426,20180516_1908_35,20180516_1911_13,3,383.64,383.66,383.68,484.68,484.72,484.75,868.32,868.38,868.43
4705316.00,20180516_1911_13,383.63,484.68,868.31,0.0712,0.0110,0.0376,20180516_1908_35,20180516_1911_13,3,383.63,383.66,383.68,484.68,484.79,484.88,868.31,868.45,868.56
4711198.00,20180516_1911_13,383.63,484.68,868.31,0.0628,0.0105,0.0336,20180516_1908_36,20180516_1911_13,3,383.63,383.71,383.78,484.68,484.79,484.88,868.31,868.50,868.66
4717087.00,20180516_1911_13,383.63,484.64,868.27,0.0542,0.0018,0.0249,20180516_1908_36,20180516_1911_13,3,383.63,383.71,383.78,484.64,484.78,484.88,868.27,868.49,868.66
4722983.00,20180516_1911_14,383.58,484.64,868.22,0.0326,0.0017,0.0153,20180516_1908_36,20180516_1911_14,3,383.58,383.70,383.78,484.64,484.76,484.84,868.22,868.45,868.62
4728887.00,20180516_1911_14,383.58,484.64,868.22,0.0246,0.0013,0.0116,20180516_1908_36,20180516_1911_14,3,383.58,383.68,383.74,484.64,484.76,484.84,868.22,868.44,868.58
4734798.00,20180516_1911_14,383.58,484.63,868.21,0.0180,0.0010,0.0074,20180516_1908_36,20180516_1911_14,3,383.58,383.68,383.74,484.63,484.75,484.84,868.21,868.43,868.58
4740716.00,20180516_1911_14,383.59,484.63,868.22,0.0139,0.0012,0.0055,20180516_1908_36,20180516_1911_14,3,383.59,383.68,383.74,484.63,484.73,484.79,868.22,868.42,868.52
4746642.00,20180516_1911_14,383.59,484.63,868.22,0.0072,0.0016,0.0022,20180516_1908_36,20180516_1911_14,3,383.59,383.69,383.79,484.63,484.73,484.79,868.22,868.42,868.58
4752576.00,20180516_1911_14,383.59,484.74,868.33,0.0046,0.0206,0.0135,20180516_1908_36,20180516_1911_14,3,383.59,383.69,383.79,484.74,484.77,484.79,868.33,868.46,868.58
4758516.00,20180516_1911_14,383.79,484.74,868.53,0.0541,0.0191,0.0345,20180516_1908_36,20180516_1911_14,3,383.69,383.76,383.79,484.74,484.78,484.82,868.51,868.54,868.58
4764464.00,20180516_1911_14,383.79,484.74,868.53,0.0489,0.0176,0.0314,20180516_1908_36,20180516_1911_14,3,383.79,383.88,384.03,484.74,484.81,484.86,868.53,868.69,868.89
4770420.00,20180516_1911_14,383.79,484.66,868.45,0.0457,0.0003,0.0200,20180516_1908_36,20180516_1911_14,3,383.79,383.88,384.03,484.66,484.78,484.86,868.45,868.66,868.89
4776383.00,20180516_1911_14,383.97,484.66,868.63,0.0895,0.0009,0.0390,20180516_1908_36,20180516_1911_14,3,383.82,383.94,384.03,484.66,484.80,484.87,868.63,868.74,868.89
4782353.00,20180516_1911_14,383.97,484.66,868.63,0.0840,0.0015,0.0363,20180516_1908_36,20180516_1911_14,3,383.82,383.94,384.03,484.66,484.79,484.87,868.63,868.73,868.87
4788331.00,20180516_1911_14,383.97,484.65,868.62,0.0785,0.0039,0.0325,20180516_1908_36,20180516_1911_14,3,383.97,384.14,384.30,484.65,484.79,484.87,868.62,868.93,869.14
4794317.00,20180516_1911_14,384.15,484.65,868.80,0.1203,0.0041,0.0509,20180516_1908_37,20180516_1911_14,3,384.15,384.20,384.30,484.65,484.79,484.87,868.80,868.99,869.14
4800310.00,20180516_1911_15,384.15,484.65,868.80,0.1128,0.0043,0.0475,20180516_1908_37,20180516_1911_15,3,384.15,384.21,384.33,484.65,484.78,484.85,868.80,868.99,869.17
4806310.00,20180516_1911_15,384.15,484.76,868.91,0.1054,0.0188,0.0571,20180516_1908_37,20180516_1911_15,3,384.15,384.24,384.33,484.76,484.82,484.85,868.91,869.06,869.17
4812318.00,20180516_1911_15,384.21,484.76,868.97,0.1144,0.0181,0.0606,20180516_1908_37,20180516_1911_15,3,384.21,384.26,384.33,484.76,484.82,484.85,868.97,869.08,869.17
4818333.00,20180516_1911_15,384.21,484.76,868.97,0.1070,0.0173,0.0570,20180516_1908_37,20180516_1911_15,3,384.21,384.26,384.33,484.76,484.90,485.00,868.97,869.16,869.27
4824356.00,20180516_1911_15,384.21,484.84,869.05,0.0996,0.0330,0.0624,20180516_1908_37,20180516_1911_15,3,384.21,384.30,384.38,484.84,484.93,485.00,869.05,869.23,869.32
4830387.00,20180516_1911_15,384.20,484.84,869.04,0.0894,0.0314,0.0570,20180516_1908_37,20180516_1911_15,3,384.20,384.30,384.38,484.84,484.93,485.00,869.04,869.22,869.32
4836425.00,20180516_1911_15,384.20,484.84,869.04,0.0820,0.0297,0.0528,20180516_1908_37,20180516_1911_15,3,384.20,384.30,384.38,484.84,484.94,485.08,869.04,869.23,869.39
4842470.00,20180516_1911_15,384.20,484.96,869.16,0.0746,0.0524,0.0622,20180516_1908_37,20180516_1911_15,3,384.20,384.26,384.31,484.89,484.98,485.08,869.16,869.24,869.39
4848523.00,20180516_1911_15,384.21,484.96,869.17,0.0691,0.0491,0.0579,20180516_1908_37,20180516_1911_15,3,384.21,384.26,384.31,484.89,484.98,485.08,869.16,869.24,869.39
4854584.00,20180516_1911_15,384.21,484.96,869.17,0.0609,0.0458,0.0525,20180516_1908_37,20180516_1911_15,3,384.21,384.26,384.31,484.96,485.07,485.18,869.17,869.34,869.49
4860652.00,20180516_1911_15,384.21,485.00,869.21,0.0527,0.0506,0.0515,20180516_1908_37,20180516_1911_15,3,384.21,384.31,384.38,485.00,485.09,485.18,869.21,869.40,869.52
4866728.00,20180516_1911_15,384.25,485.00,869.25,0.0550,0.0468,0.0504,20180516_1908_37,20180516_1911_15,3,384.25,384.32,384.38,485.00,485.09,485.18,869.25,869.41,869.52
4872811.00,20180516_1911_15,384.25,485.00,869.25,0.0465,0.0430,0.0445,20180516_1908_37,20180516_1911_15,3,384.25,384.32,384.38,485.00,485.08,485.20,869.25,869.41,869.54
4878902.00,20180516_1911_15,384.25,485.15,869.40,0.0379,0.0712,0.0565,20180516_1908_38,20180516_1911_15,3,384.25,384.37,384.45,485.05,485.13,485.20,869.40,869.51,869.62
4885001.00,20180516_1911_16,384.42,485.15,869.57,0.0761,0.0670,0.0710,20180516_1908_38,20180516_1911_16,3,384.42,384.43,384.45,485.05,485.13,485.20,869.50,869.56,869.62
4891107.00,20180516_1911_16,384.42,485.15,869.57,0.0679,0.0628,0.0650,20180516_1908_38,20180516_1911_16,3,384.42,384.43,384.45,485.15,485.18,485.21,869.57,869.61,869.66
4897221.00,20180516_1911_16,384.42,485.13,869.55,0.0597,0.0536,0.0563,20180516_1908_38,20180516_1911_16,3,384.42,384.61,384.74,485.13,485.17,485.21,869.55,869.79,869.95
4903343.00,20180516_1911_16,384.78,485.13,869.91,0.1474,0.0488,0.0924,20180516_1908_38,20180516_1911_16,3,384.68,384.73,384.78,485.13,485.17,485.21,869.86,869.91,869.95
4909472.00,20180516_1911_16,384.78,485.13,869.91,0.1368,0.0439,0.0850,20180516_1908_38,20180516_1911_16,3,384.68,384.73,384.78,485.13,485.21,485.30,869.89,869.95,870.04
4915609.00,20180516_1911_16,384.78,485.21,869.99,0.1263,0.0554,0.0868,20180516_1908_38,20180516_1911_16,3,384.75,384.83,384.96,485.21,485.24,485.30,869.96,870.07,870.26
4921753.00,20180516_1911_16,384.83,485.21,870.04,0.1311,0.0497,0.0857,20180516_1908_38,20180516_1911_16,3,384.75,384.85,384.96,485.21,485.24,485.30,869.96,870.09,870.26
4927905.00,20180516_1911_16,384.83,485.21,870.04,0.1223,0.0439,0.0786,20180516_1908_38,20180516_1911_16,3,384.75,384.85,384.96,485.21,485.28,485.32,870.04,870.13,870.28
4934065.00,20180516_1911_16,384.83,485.22,870.05,0.1134,0.0413,0.0732,20180516_1908_38,20180516_1911_16,3,384.83,384.90,384.96,485.22,485.29,485.32,870.05,870.19,870.28
4940233.00,20180516_1911_16,384.83,485.22,870.05,0.1054,0.0366,0.0670,20180516_1908_38,20180516_1911_16,3,384.83,384.90,384.96,485.22,485.29,485.32,870.05,870.19,870.28
4946408.00,20180516_1911_16,384.83,485.22,870.05,0.0973,0.0318,0.0608,20180516_1908_38,20180516_1911_16,3,384.83,384.90,384.96,485.22,485.27,485.32,870.05,870.17,870.28
4952591.00,20180516_1911_16,384.83,485.33,870.16,0.0893,0.0506,0.0677,20180516_1908_38,20180516_1911_16,3,384.83,384.88,384.96,485.26,485.33,485.40,870.11,870.21,870.36
4958782.00,20180516_1911_16,384.91,485.33,870.24,0.1018,0.0455,0.0704,20180516_1908_39,20180516_1911_16,3,384.85,384.91,384.98,485.26,485.33,485.40,870.11,870.24,870.38
4964980.00,20180516_1911_16,384.91,485.33,870.24,0.0926,0.0405,0.0635,20180516_1908_39,20180516_1911_16,3,384.85,384.91,384.98,485.32,485.35,485.40,870.17,870.26,870.38
4971187.00,20180516_1911_17,384.91,485.33,870.24,0.0834,0.0367,0.0573,20180516_1908_39,20180516_1911_17,3,384.89,384.93,384.98,485.32,485.37,485.46,870.21,870.30,870.44
4977401.00,20180516_1911_17,384.89,485.33,870.22,0.0691,0.0329,0.0489,20180516_1908_39,20180516_1911_17,3,384.89,384.93,385.01,485.32,485.37,485.46,870.21,870.30,870.47
4983622.00,20180516_1911_17,384.89,485.33,870.22,0.0603,0.0291,0.0429,20180516_1908_39,20180516_1911_17,3,384.89,384.93,385.01,485.33,485.40,485.46,870.22,870.33,870.47
4989852.00,20180516_1911_17,384.89,485.32,870.21,0.0515,0.0236,0.0359,20180516_1908_39,20180516_1911_17,3,384.89,384.96,385.01,485.32,485.43,485.54,870.21,870.38,870.55
4996089.00,20180516_1911_17,384.89,485.32,870.21,0.0431,0.0203,0.0304,20180516_1908_39,20180516_1911_17,3,384.89,384.98,385.07,485.32,485.43,485.54,870.21,870.40,870.61
5002334.00,20180516_1911_17,384.90,485.32,870.22,0.0374,0.0170,0.0260,20180516_1908_39,20180516_1911_17,3,384.90,384.98,385.07,485.32,485.45,485.54,870.22,870.43,870.61
5008587.00,20180516_1911_17,384.90,485.32,870.22,0.0290,0.0152,0.0213,20180516_1908_39,20180516_1911_17,3,384.90,385.01,385.07,485.32,485.42,485.50,870.22,870.43,870.55
5014848.00,20180516_1911_17,384.90,485.34,870.24,0.0227,0.0176,0.0199,20180516_1908_39,20180516_1911_17,3,384.90,385.06,385.24,485.34,485.43,485.50,870.24,870.49,870.69
5021117.00,20180516_1911_17,384.99,485.34,870.33,0.0399,0.0157,0.0264,20180516_1908_39,20180516_1911_17,3,384.99,385.09,385.24,485.34,485.42,485.46,870.33,870.51,870.69
5027393.00,20180516_1911_17,384.99,485.34,870.33,0.0325,0.0135,0.0219,20180516_1908_39,20180516_1911_17,3,384.99,385.11,385.24,485.34,485.40,485.46,870.33,870.51,870.64
5033677.00,20180516_1911_17,384.99,485.28,870.27,0.0297,0.0010,0.0126,20180516_1908_39,20180516_1911_17,3,384.99,385.17,385.42,485.28,485.38,485.46,870.27,870.55,870.82
5039969.00,20180516_1911_17,385.38,485.28,870.66,0.1282,0.0026,0.0553,20180516_1908_39,20180516_1911_17,3,385.11,385.30,385.42,485.28,485.37,485.42,870.53,870.67,870.82
5046269.00,20180516_1911_17,385.38,485.28,870.66,0.1204,0.0033,0.0515,20180516_1908_40,20180516_1911_17,3,385.38,385.42,385.47,485.28,485.37,485.42,870.66,870.79,870.89
5052577.00,20180516_1911_17,385.38,485.34,870.72,0.1133,0.0083,0.0548,20180516_1908_40,20180516_1911_17,3,385.38,385.42,385.47,485.34,485.42,485.49,870.72,870.84,870.91
5058893.00,20180516_1911_18,385.52,485.34,870.86,0.1424,0.0070,0.0669,20180516_1908_40,20180516_1911_18,3,385.47,385.54,385.64,485.34,485.39,485.49,870.81,870.93,871.13
5065216.00,20180516_1911_18,385.52,485.34,870.86,0.1335,0.0058,0.0623,20180516_1908_40,20180516_1911_18,3,385.52,385.56,385.64,485.34,485.39,485.49,870.86,870.95,871.13
5071548.00,20180516_1911_18,385.52,485.21,870.73,0.1245,0.0223,0.0427,20180516_1908_40,20180516_1911_18,3,385.52,385.56,385.64,485.21,485.33,485.44,870.73,870.89,871.08
5077887.00,20180516_1911_18,385.42,485.21,870.63,0.0896,0.0222,0.0273,20180516_1908_40,20180516_1911_18,3,385.42,385.51,385.60,485.21,485.34,485.44,870.63,870.86,871.04
5084235.00,20180516_1911_18,385.42,485.21,870.63,0.0820,0.0209,0.0246,20180516_1908_40,20180516_1911_18,3,385.42,385.53,385.60,485.21,485.34,485.42,870.63,870.86,871.02
5090590.00,20180516_1911_18,385.42,485.24,870.66,0.0754,0.0135,0.0258,20180516_1908_40,20180516_1911_18,3,385.42,385.53,385.60,485.24,485.35,485.42,870.66,870.87,871.02
5096953.00,20180516_1911_18,385.45,485.24,870.69,0.0765,0.0126,0.0269,20180516_1908_40,20180516_1911_18,3,385.45,385.53,385.59,485.24,485.34,485.42,870.69,870.87,871.01
5103324.00,20180516_1911_18,385.45,485.24,870.69,0.0695,0.0116,0.0243,20180516_1908_40,20180516_1911_18,3,385.45,385.53,385.59,485.24,485.34,485.42,870.69,870.87,871.01
5109704.00,20180516_1911_18,385.45,485.19,870.64,0.0623,0.0210,0.0159,20180516_1908_40,20180516_1911_18,3,385.45,385.53,385.59,485.19,485.35,485.49,870.64,870.87,871.08
5116091.00,20180516_1911_18,385.42,485.19,870.61,0.0472,0.0196,0.0100,20180516_1908_40,20180516_1911_18,3,385.42,385.54,385.67,485.19,485.36,485.49,870.61,870.90,871.16
5122486.00,20180516_1911_18,385.42,485.19,870.61,0.0404,0.0182,0.0077,20180516_1908_40,20180516_1911_18,3,385.42,385.56,385.67,485.19,485.36,485.49,870.61,870.92,871.16
5128889.00,20180516_1911_18,385.42,485.22,870.64,0.0335,0.0107,0.0088,20180516_1908_41,20180516_1911_18,3,385.42,385.56,385.67,485.22,485.34,485.40,870.64,870.90,871.07
5135300.00,20180516_1911_18,385.69,485.22,870.91,0.0967,0.0097,0.0374,20180516_1908_41,20180516_1911_18,3,385.60,385.71,385.85,485.22,485.34,485.40,870.91,871.05,871.25
5141719.00,20180516_1911_19,385.69,485.22,870.91,0.0865,0.0087,0.0335,20180516_1908_41,20180516_1911_19,3,385.69,385.78,385.85,485.22,485.34,485.40,870.91,871.11,871.25
5148146.00,20180516_1911_19,385.69,485.34,871.03,0.0762,0.0173,0.0434,20180516_1908_41,20180516_1911_19,3,385.69,385.78,385.85,485.34,485.38,485.40,871.03,871.15,871.25
5154582.00,20180516_1911_19,386.08,485.34,871.42,0.1681,0.0173,0.0841,20180516_1908_41,20180516_1911_19,3,385.79,386.00,386.14,485.34,485.38,485.41,871.20,871.39,871.54
5161025.00,20180516_1911_19,386.08,485.34,871.42,0.1540,0.0173,0.0779,20180516_1908_41,20180516_1911_19,3,386.08,386.12,386.15,485.34,485.38,485.41,871.42,871.51,871.56
5167476.00,20180516_1911_19,386.08,485.27,871.35,0.1399,0.0023,0.0632,20180516_1908_41,20180516_1911_19,3,386.08,386.12,386.15,485.27,485.37,485.43,871.35,871.49,871.57
5173935.00,20180516_1911_19,386.08,485.27,871.35,0.1308,0.0024,0.0593,20180516_1908_41,20180516_1911_19,3,386.08,386.15,386.22,485.27,485.36,485.43,871.35,871.51,871.65
5180403.00,20180516_1911_19,386.08,485.27,871.35,0.1217,0.0025,0.0553,20180516_1908_41,20180516_1911_19,3,386.08,386.15,386.22,485.27,485.36,485.43,871.35,871.51,871.65
5186878.00,20180516_1911_19,386.08,485.33,871.41,0.1127,0.0156,0.0586,20180516_1908_41,20180516_1911_19,3,386.08,386.15,386.22,485.33,485.35,485.38,871.41,871.50,871.57
5193362.00,20180516_1911_19,386.10,485.33,871.43,0.1106,0.0157,0.0577,20180516_1908_41,20180516_1911_19,3,386.10,386.13,386.14,485.33,485.37,485.43,871.43,871.50,871.57
5199854.00,20180516_1911_19,386.10,485.33,871.43,0.1031,0.0158,0.0544,20180516_1908_41,20180516_1911_19,3,386.10,386.13,386.16,485.33,485.37,485.43,871.43,871.50,871.59
5206353.00,20180516_1911_19,386.10,485.35,871.45,0.0956,0.0186,0.0527,20180516_1908_41,20180516_1911_19,3,386.10,386.13,386.16,485.35,485.42,485.47,871.45,871.55,871.61
5212861.00,20180516_1911_19,386.08,485.35,871.43,0.0816,0.0172,0.0457,20180516_1908_41,20180516_1911_19,3,386.08,386.16,386.24,485.35,485.45,485.52,871.43,871.61,871.71
5219377.00,20180516_1911_19,386.08,485.35,871.43,0.0730,0.0158,0.0411,20180516_1908_42,20180516_1911_19,3,386.08,386.16,386.24,485.35,485.45,485.52,871.43,871.61,871.71
5225902.00,20180516_1911_19,386.08,485.52,871.60,0.0645,0.0496,0.0562,20180516_1908_42,20180516_1911_19,3,386.08,386.17,386.24,485.43,485.49,485.52,871.60,871.66,871.71
5232434.00,20180516_1911_20,386.27,485.52,871.79,0.1055,0.0468,0.0728,20180516_1908_42,20180516_1911_20,3,386.19,386.26,386.31,485.43,485.49,485.52,871.71,871.75,871.79
5238975.00,20180516_1911_20,386.27,485.52,871.79,0.0949,0.0439,0.0665,20180516_1908_42,20180516_1911_20,3,386.27,386.29,386.31,485.43,485.52,485.60,871.74,871.81,871.90
5245523.00,20180516_1911_20,386.27,485.59,871.86,0.0843,0.0549,0.0679,20180516_1908_42,20180516_1911_20,3,386.27,386.29,386.31,485.43,485.54,485.60,871.74,871.83,871.90
5252080.00,20180516_1911_20,386.55,485.59,872.14,0.1456,0.0508,0.0928,20180516_1908_42,20180516_1911_20,3,386.30,386.39,386.55,485.56,485.61,485.68,871.87,872.00,872.14
5258645.00,20180516_1911_20,386.55,485.59,872.14,0.1310,0.0466,0.0840,20180516_1908_42,20180516_1911_20,3,386.55,386.61,386.67,485.56,485.61,485.68,872.14,872.22,872.29
5265219.00,20180516_1911_20,386.55,485.64,872.19,0.1164,0.0531,0.0812,20180516_1908_42,20180516_1911_20,3,386.55,386.61,386.67,485.56,485.63,485.68,872.19,872.24,872.29
5271800.00,20180516_1911_20,386.72,485.64,872.36,0.1492,0.0488,0.0933,20180516_1908_42,20180516_1911_20,3,386.61,386.67,386.72,485.60,485.68,485.81,872.27,872.35,872.42
5278390.00,20180516_1911_20,386.72,485.64,872.36,0.1359,0.0445,0.0850,20180516_1908_42,20180516_1911_20,3,386.72,386.76,386.79,485.60,485.68,485.81,872.36,872.44,872.60
5284988.00,20180516_1911_20,386.72,485.74,872.46,0.1226,0.0620,0.0888,20180516_1908_42,20180516_1911_20,3,386.72,386.76,386.79,485.60,485.72,485.81,872.36,872.47,872.60
5291594.00,20180516_1911_20,386.74,485.74,872.48,0.1195,0.0579,0.0852,20180516_1908_42,20180516_1911_20,3,386.74,386.76,386.79,485.68,485.76,485.85,872.44,872.52,872.64
5298209.00,20180516_1911_20,386.74,485.74,872.48,0.1109,0.0537,0.0791,20180516_1908_42,20180516_1911_20,3,386.74,386.77,386.81,485.68,485.76,485.85,872.44,872.53,872.66
5304831.00,20180516_1911_20,386.74,485.76,872.50,0.1024,0.0530,0.0749,20180516_1908_43,20180516_1911_20,3,386.74,386.77,386.81,485.68,485.76,485.85,872.44,872.53,872.66
5311462.00,20180516_1911_20,386.70,485.76,872.46,0.0835,0.0480,0.0637,20180516_1908_43,20180516_1911_20,3,386.70,386.76,386.81,485.76,485.81,485.88,872.46,872.57,872.69
5318102.00,20180516_1911_20,386.70,485.76,872.46,0.0755,0.0429,0.0574,20180516_1908_43,20180516_1911_20,3,386.70,386.77,386.81,485.76,485.81,485.88,872.46,872.58,872.68
5324749.00,20180516_1911_21,386.70,485.88,872.58,0.0675,0.0632,0.0651,20180516_1908_43,20180516_1911_21,3,386.70,386.77,386.81,485.80,485.85,485.88,872.58,872.62,872.68
5331405.00,20180516_1911_21,386.77,485.88,872.65,0.0778,0.0575,0.0665,20180516_1908_43,20180516_1911_21,3,386.77,386.79,386.81,485.77,485.85,485.89,872.58,872.64,872.69
5338070.00,20180516_1911_21,386.77,485.88,872.65,0.0692,0.0519,0.0595,20180516_1908_43,20180516_1911_21,3,386.76,386.77,386.78,485.77,485.85,485.89,872.53,872.62,872.67
5344742.00,20180516_1911_21,386.77,485.76,872.53,0.0605,0.0217,0.0389,20180516_1908_43,20180516_1911_21,3,386.76,386.77,386.78,485.76,485.81,485.89,872.53,872.58,872.67
5351423.00,20180516_1911_21,386.66,485.76,872.42,0.0231,0.0175,0.0200,20180516_1908_43,20180516_1911_21,3,386.66,386.73,386.78,485.76,485.88,486.01,872.42,872.62,872.79
5358112.00,20180516_1911_21,386.66,485.76,872.42,0.0157,0.0133,0.0143,20180516_1908_43,20180516_1911_21,3,386.66,386.76,386.84,485.76,485.88,486.01,872.42,872.65,872.85
5364810.00,20180516_1911_21,386.66,485.81,872.47,0.0081,0.0211,0.0154,20180516_1908_43,20180516_1911_21,3,386.66,386.76,386.84,485.81,485.90,486.01,872.47,872.66,872.85
5371516.00,20180516_1911_21,386.68,485.81,872.49,0.0083,0.0181,0.0138,20180516_1908_43,20180516_1911_21,3,386.68,386.77,386.84,485.81,485.91,485.97,872.49,872.68,872.78
5378230.00,20180516_1911_21,386.68,485.81,872.49,0.0030,0.0151,0.0097,20180516_1908_43,20180516_1911_21,3,386.68,386.77,386.85,485.81,485.91,485.97,872.49,872.67,872.82
5384953.00,20180516_1911_21,386.68,485.82,872.50,0.0023,0.0149,0.0073,20180516_1908_43,20180516_1911_21,3,386.68,386.77,386.85,485.82,485.91,485.97,872.50,872.68,872.82
5391684.00,20180516_1911_21,386.84,485.82,872.66,0.0374,0.0126,0.0235,20180516_1908_43,20180516_1911_21,3,386.77,386.82,386.85,485.82,485.94,486.05,872.66,872.76,872.90
5398424.00,20180516_1911_21,386.84,485.82,872.66,0.0336,0.0102,0.0206,20180516_1908_44,20180516_1911_21,3,386.77,386.93,387.18,485.82,485.97,486.05,872.66,872.90,873.23
5405172.00,20180516_1911_21,386.84,485.90,872.74,0.0299,0.0248,0.0270,20180516_1908_44,20180516_1911_21,3,386.84,387.01,387.18,485.90,485.99,486.05,872.74,873.00,873.23
5411928.00,20180516_1911_22,387.26,485.90,873.16,0.1367,0.0221,0.0729,20180516_1908_44,20180516_1911_22,3,387.01,387.15,387.26,485.90,486.00,486.08,873.04,873.15,873.26
5418693.00,20180516_1911_22,387.26,485.90,873.16,0.1298,0.0194,0.0684,20180516_1908_44,20180516_1911_22,3,387.01,387.25,387.48,485.90,486.03,486.11,873.12,873.28,873.56
5425467.00,20180516_1911_22,387.26,485.87,873.13,0.1228,0.0116,0.0609,20180516_1908_44,20180516_1911_22,3,387.26,387.40,387.48,485.87,486.02,486.11,873.13,873.42,873.58
5432249.00,20180516_1911_22,387.32,485.87,873.19,0.1316,0.0103,0.0641,20180516_1908_44,20180516_1911_22,3,387.32,387.42,387.48,485.87,485.99,486.11,873.19,873.42,873.58
5439039.00,20180516_1911_22,387.32,485.87,873.19,0.1241,0.0090,0.0600,20180516_1908_44,20180516_1911_22,3,387.32,387.41,387.47,485.87,485.98,486.07,873.19,873.39,873.54
5445838.00,20180516_1911_22,387.32,485.91,873.23,0.1166,0.0161,0.0606,20180516_1908_44,20180516_1911_22,3,387.32,387.41,387.48,485.91,485.99,486.07,873.23,873.40,873.55
5452645.00,20180516_1911_22,387.36,485.91,873.27,0.1189,0.0145,0.0608,20180516_1908_44,20180516_1911_22,3,387.36,387.42,387.48,485.91,485.95,485.98,873.27,873.38,873.46
5459461.00,20180516_1911_22,387.36,485.91,873.27,0.1104,0.0130,0.0562,20180516_1908_44,20180516_1911_22,3,387.36,387.41,387.48,485.91,485.95,485.98,873.27,873.37,873.46
5466285.00,20180516_1911_22,387.36,485.87,873.23,0.1018,0.0044,0.0476,20180516_1908_44,20180516_1911_22,3,387.36,387.39,387.41,485.87,485.94,485.98,873.23,873.33,873.39
5473118.00,20180516_1911_22,387.34,485.87,873.21,0.0891,0.0045,0.0420,20180516_1908_44,20180516_1911_22,3,387.34,387.38,387.41,485.87,485.96,486.03,873.21,873.34,873.43
5479959.00,20180516_1911_22,387.34,485.87,873.21,0.0817,0.0046,0.0388,20180516_1908_44,20180516_1911_22,3,387.34,387.42,387.50,485.87,485.99,486.07,873.21,873.41,873.53
5486809.00,20180516_1911_22,387.34,485.90,873.24,0.0744,0.0097,0.0384,20180516_1908_44,20180516_1911_22,3,387.34,387.45,387.51,485.90,486.00,486.07,873.24,873.45,873.58
5493668.00,20180516_1911_22,387.52,485.90,873.42,0.1120,0.0082,0.0543,20180516_1908_45,20180516_1911_22,3,387.50,387.51,387.52,485.90,486.00,486.07,873.42,873.51,873.58
5500535.00,20180516_1911_22,387.52,485.90,873.42,0.1009,0.0068,0.0485,20180516_1908_45,20180516_1911_22,3,387.51,387.59,387.74,485.90,485.99,486.05,873.42,873.58,873.77
5507411.00,20180516_1911_23,387.52,485.90,873.42,0.0898,0.0059,0.0431,20180516_1908_45,20180516_1911_23,3,387.52,387.65,387.74,485.90,485.99,486.05,873.42,873.64,873.77
5514295.00,20180516_1911_23,387.52,485.86,873.38,0.0790,0.0033,0.0332,20180516_1908_45,20180516_1911_23,3,387.52,387.65,387.74,485.86,485.99,486.07,873.38,873.64,873.81
5521188.00,20180516_1911_23,387.86,485.86,873.72,0.1557,0.0038,0.0670,20180516_1908_45,20180516_1911_23,3,387.69,387.76,387.86,485.86,485.98,486.07,873.71,873.75,873.81
5528089.00,20180516_1911_23,387.86,485.86,873.72,0.1405,0.0042,0.0600,20180516_1908_45,20180516_1911_23,3,387.86,387.97,388.08,485.86,485.98,486.07,873.72,873.95,874.15
5534999.00,20180516_1911_23,387.98,485.92,873.90,0.1583,0.0077,0.0746,20180516_1908_45,20180516_1911_23,3,387.96,388.01,388.08,485.92,486.00,486.07,873.90,874.01,874.15
5541918.00,20180516_1911_23,387.98,485.92,873.90,0.1436,0.0067,0.0675,20180516_1908_45,20180516_1911_23,3,387.96,388.01,388.08,485.92,485.97,486.02,873.90,873.98,874.06
5548845.00,20180516_1911_23,387.98,485.92,873.90,0.1289,0.0065,0.0608,20180516_1908_45,20180516_1911_23,3,387.98,388.02,388.06,485.92,485.97,486.02,873.90,874.00,874.08
5555782.00,20180516_1911_23,387.98,485.89,873.87,0.1196,0.0001,0.0532,20180516_1908_45,20180516_1911_23,3,387.98,388.02,388.06,485.89,485.96,486.02,873.87,873.99,874.08
5562726.00,20180516_1911_23,387.96,485.89,873.85,0.1052,0.0002,0.0468,20180516_1908_45,20180516_1911_23,3,387.96,388.02,388.06,485.89,485.97,486.04,873.85,873.98,874.07
5569680.00,20180516_1911_23,387.96,485.89,873.85,0.0961,0.0000,0.0427,20180516_1908_45,20180516_1911_23,3,387.96,388.02,388.08,485.89,485.97,486.04,873.85,873.99,874.12
5576642.00,20180516_1911_23,387.96,485.88,873.84,0.0879,0.0023,0.0378,20180516_1908_45,20180516_1911_23,3,387.96,388.02,388.08,485.88,485.96,486.04,873.84,873.98,874.12
5583613.00,20180516_1911_23,387.95,485.88,873.83,0.0771,0.0024,0.0329,20180516_1908_45,20180516_1911_23,3,387.95,388.02,388.08,485.88,485.99,486.10,873.83,874.01,874.12
5590592.00,20180516_1911_23,387.95,485.88,873.83,0.0690,0.0021,0.0295,20180516_1908_46,20180516_1911_23,3,387.95,388.04,388.12,485.88,485.99,486.10,873.83,874.03,874.22
5597580.00,20180516_1911_23,387.95,485.96,873.91,0.0613,0.0147,0.0354,20180516_1908_46,20180516_1911_23,3,387.95,388.04,388.12,485.96,486.02,486.10,873.91,874.06,874.22
5604577.00,20180516_1911_24,388.01,485.96,873.97,0.0692,0.0142,0.0386,20180516_1908_46,20180516_1911_24,3,388.01,388.06,388.12,485.96,486.04,486.09,873.97,874.10,874.18
5611583.00,20180516_1911_24,388.01,485.96,873.97,0.0608,0.0133,0.0344,20180516_1908_46,20180516_1911_24,3,388.01,388.08,388.12,485.96,486.04,486.09,873.97,874.12,874.21
5618598.00,20180516_1911_24,388.01,485.96,873.97,0.0522,0.0123,0.0300,20180516_1908_46,20180516_1911_24,3,388.01,388.07,388.12,485.96,486.04,486.09,873.97,874.10,874.21
5625621.00,20180516_1911_24,388.08,485.96,874.04,0.0616,0.0114,0.0337,20180516_1908_46,20180516_1911_24,3,388.07,388.09,388.12,485.96,486.05,486.15,874.04,874.14,874.22
5632653.00,20180516_1911_24,388.08,485.96,874.04,0.0521,0.0108,0.0291,20180516_1908_46,20180516_1911_24,3,388.08,388.12,388.17,485.96,486.05,486.15,874.04,874.17,874.32
5639694.00,20180516_1911_24,388.08,486.10,874.18,0.0448,0.0390,0.0416,20180516_1908_46,20180516_1911_24,3,388.08,388.15,388.20,486.03,486.09,486.15,874.18,874.24,874.32
5646743.00,20180516_1911_24,388.08,486.10,874.18,0.0376,0.0369,0.0372,20180516_1908_46,20180516_1911_24,3,388.08,388.15,388.20,486.03,486.14,486.29,874.18,874.29,874.46
5653802.00,20180516_1911_24,388.52,486.10,874.62,0.1436,0.0349,0.0832,20180516_1908_46,20180516_1911_24,3,388.17,388.30,388.52,486.07,486.15,486.29,874.27,874.45,874.62
5660869.00,20180516_1911_24,388.52,486.10,874.62,0.1308,0.0324,0.0761,20180516_1908_46,20180516_1911_24,3,388.52,388.56,388.59,486.07,486.15,486.29,874.62,874.71,874.85
5667945.00,20180516_1911_24,388.59,486.10,874.69,0.1402,0.0299,0.0789,20180516_1908_46,20180516_1911_24,3,388.56,388.58,388.59,486.07,486.15,486.29,874.66,874.73,874.85
5675030.00,20180516_1911_24,388.59,486.10,874.69,0.1309,0.0275,0.0734,20180516_1908_46,20180516_1911_24,3,388.56,388.58,388.59,486.10,486.18,486.28,874.69,874.76,874.84
5682124.00,20180516_1911_24,388.59,486.16,874.75,0.1230,0.0380,0.0757,20180516_1908_46,20180516_1911_24,3,388.59,388.63,388.67,486.16,486.20,486.28,874.75,874.84,874.95
5689226.00,20180516_1911_24,388.59,486.16,874.75,0.1152,0.0355,0.0709,20180516_1908_47,20180516_1911_24,3,388.59,388.63,388.67,486.16,486.20,486.28,874.75,874.84,874.95
5696338.00,20180516_1911_24,388.59,486.16,874.75,0.1073,0.0330,0.0660,20180516_1908_47,20180516_1911_24,3,388.59,388.63,388.67,486.16,486.26,486.34,874.75,874.90,874.98
5703458.00,20180516_1911_25,388.59,486.16,874.75,0.0995,0.0302,0.0610,20180516_1908_47,20180516_1911_25,3,388.59,388.63,388.65,486.16,486.26,486.34,874.75,874.89,874.98
5710588.00,20180516_1911_25,388.59,486.23,874.82,0.0914,0.0419,0.0638,20180516_1908_47,20180516_1911_25,3,388.59,388.68,388.79,486.23,486.29,486.34,874.82,874.96,875.13
5717726.00,20180516_1911_25,388.67,486.23,874.90,0.1038,0.0384,0.0674,20180516_1908_47,20180516_1911_25,3,388.65,388.70,388.79,486.23,486.31,486.36,874.90,875.01,875.13
5724873.00,20180516_1911_25,388.67,486.23,874.90,0.0947,0.0348,0.0614,20180516_1908_47,20180516_1911_25,3,388.67,388.73,388.79,486.23,486.29,486.36,874.90,875.02,875.09
5732029.00,20180516_1911_25,388.67,486.28,874.95,0.0854,0.0414,0.0610,20180516_1908_47,20180516_1911_25,3,388.67,388.78,388.93,486.28,486.31,486.36,874.95,875.09,875.22
5739194.00,20180516_1911_25,388.93,486.28,875.21,0.1430,0.0373,0.0843,20180516_1908_47,20180516_1911_25,3,388.73,388.86,388.93,486.28,486.39,486.45,875.17,875.25,875.38
5746368.00,20180516_1911_25,388.93,486.28,875.21,0.1304,0.0340,0.0768,20180516_1908_47,20180516_1911_25,3,388.93,389.06,389.24,486.28,486.39,486.45,875.21,875.45,875.69
5753551.00,20180516_1911_25,388.93,486.40,875.33,0.1185,0.0554,0.0835,20180516_1908_47,20180516_1911_25,3,388.93,389.06,389.24,486.40,486.43,486.45,875.33,875.49,875.69
5760743.00,20180516_1911_25,389.23,486.40,875.63,0.1837,0.0509,0.1099,20180516_1908_47,20180516_1911_25,3,389.02,389.16,389.24,486.40,486.46,486.52,875.54,875.62,875.69
5767944.00,20180516_1911_25,389.23,486.40,875.63,0.1680,0.0464,0.1004,20180516_1908_47,20180516_1911_25,3,389.23,389.25,389.27,486.40,486.45,486.52,875.63,875.70,875.79
5775154.00,20180516_1911_25,389.23,486.43,875.66,0.1533,0.0480,0.0948,20180516_1908_48,20180516_1911_25,3,389.23,389.26,389.28,486.43,486.49,486.61,875.66,875.75,875.88
5782373.00,20180516_1911_25,389.24,486.43,875.67,0.1410,0.0432,0.0867,20180516_1908_48,20180516_1911_25,3,389.24,389.29,389.35,486.43,486.49,486.61,875.67,875.78,875.96
5789601.00,20180516_1911_25,389.24,486.43,875.67,0.1261,0.0398,0.0782,20180516_1908_48,20180516_1911_25,3,389.24,389.29,389.35,486.43,486.52,486.61,875.67,875.81,875.96
5796838.00,20180516_1911_25,389.24,486.44,875.68,0.1112,0.0384,0.0708,20180516_1908_48,20180516_1911_25,3,389.24,389.30,389.35,486.44,486.52,486.61,875.68,875.82,875.96
5804084.00,20180516_1911_26,389.22,486.44,875.66,0.0969,0.0350,0.0625,20180516_1908_48,20180516_1911_26,3,389.22,389.28,389.33,486.44,486.56,486.64,875.66,875.85,875.94
5811339.00,20180516_1911_26,389.22,486.44,875.66,0.0879,0.0315,0.0565,20180516_1908_48,20180516_1911_26,3,389.22,389.30,389.36,486.44,486.56,486.64,875.66,875.87,876.00
5818603.00,20180516_1911_26,389.22,486.58,875.80,0.0798,0.0567,0.0670,20180516_1908_48,20180516_1911_26,3,389.22,389.30,389.36,486.58,486.60,486.64,875.80,875.91,876.00
5825876.00,20180516_1911_26,389.30,486.58,875.88,0.0922,0.0518,0.0698,20180516_1908_48,20180516_1911_26,3,389.29,389.32,389.36,486.58,486.61,486.65,875.88,875.92,876.01
5833159.00,20180516_1911_26,389.30,486.58,875.88,0.0831,0.0475,0.0633,20180516_1908_48,20180516_1911_26,3,389.29,389.32,389.36,486.58,486.61,486.65,875.88,875.92,876.01
5840450.00,20180516_1911_26,389.30,486.55,875.85,0.0740,0.0370,0.0534,20180516_1908_48,20180516_1911_26,3,389.29,389.31,389.35,486.55,486.60,486.65,875.85,875.92,876.00
5847751.00,20180516_1911_26,389.25,486.55,875.80,0.0520,0.0330,0.0414,20180516_1908_48,20180516_1911_26,3,389.25,389.30,389.35,486.55,486.60,486.65,875.80,875.90,876.00
5855060.00,20180516_1911_26,389.25,486.55,875.80,0.0435,0.0290,0.0355,20180516_1908_48,20180516_1911_26,3,389.25,389.27,389.29,486.55,486.59,486.61,875.80,875.86,875.90
5862379.00,20180516_1911_26,389.25,486.60,875.85,0.0351,0.0360,0.0356,20180516_1908_48,20180516_1911_26,3,389.25,389.27,389.29,486.59,486.60,486.60,875.85,875.87,875.88
5869707.00,20180516_1911_26,389.28,486.60,875.88,0.0353,0.0322,0.0336,20180516_1908_48,20180516_1911_26,3,389.27,389.28,389.28,486.59,486.60,486.60,875.86,875.87,875.88
5877044.00,20180516_1911_26,389.28,486.60,875.88,0.0275,0.0284,0.0280,20180516_1908_49,20180516_1911_26,3,389.27,389.28,389.28,486.59,486.60,486.60,875.86,875.87,875.88
5884391.00,20180516_1911_26,389.28,486.47,875.75,0.0197,0.0016,0.0078,20180516_1908_49,20180516_1911_26,3,389.27,389.28,389.29,486.47,486.60,486.72,875.75,875.88,875.99
5891746.00,20180516_1911_26,389.21,486.47,875.68,0.0028,0.0036,0.0033,20180516_1908_49,20180516_1911_26,3,389.21,389.30,389.39,486.47,486.60,486.72,875.68,875.89,876.11
5899111.00,20180516_1911_26,389.21,486.47,875.68,0.0064,0.0056,0.0059,20180516_1908_49,20180516_1911_26,3,389.21,389.30,389.39,486.47,486.60,486.72,875.68,875.89,876.11
5906485.00,20180516_1911_27,389.21,486.51,875.72,0.0100,0.0020,0.0034,20180516_1908_49,20180516_1911_27,3,389.21,389.33,389.40,486.51,486.57,486.60,875.72,875.90,876.00
5913868.00,20180516_1911_27,389.56,486.51,876.07,0.0801,0.0008,0.0361,20180516_1908_49,20180516_1911_27,3,389.40,389.46,389.56,486.51,486.57,486.60,876.00,876.03,876.07
5921260.00,20180516_1911_27,389.56,486.51,876.07,0.0759,0.0003,0.0336,20180516_1908_49,20180516_1911_27,3,389.40,389.46,389.56,486.51,486.58,486.63,876.02,876.04,876.07
5928662.00,20180516_1911_27,389.56,486.51,876.07,0.0716,0.0011,0.0312,20180516_1908_49,20180516_1911_27,3,389.43,389.62,389.88,486.51,486.60,486.66,876.07,876.22,876.51
5936073.00,20180516_1911_27,389.56,486.50,876.06,0.0675,0.0040,0.0278,20180516_1908_49,20180516_1911_27,3,389.56,389.78,389.90,486.50,486.60,486.66,876.06,876.38,876.56
5943493.00,20180516_1911_27,389.82,486.50,876.32,0.1301,0.0047,0.0552,20180516_1908_49,20180516_1911_27,3,389.82,389.87,389.90,486.50,486.61,486.67,876.32,876.48,876.56
5950922.00,20180516_1911_27,389.82,486.50,876.32,0.1226,0.0053,0.0516,20180516_1908_49,20180516_1911_27,3,389.82,389.89,389.96,486.50,486.63,486.72,876.32,876.52,876.63
5958361.00,20180516_1911_27,389.82,486.54,876.36,0.1149,0.0023,0.0524,20180516_1908_49,20180516_1911_27,3,389.82,389.93,390.00,486.54,486.64,486.72,876.36,876.57,876.72
5965809.00,20180516_1911_27,389.85,486.54,876.39,0.1149,0.0012,0.0518,20180516_1908_49,20180516_1911_27,3,389.85,389.94,390.00,486.54,486.63,486.72,876.39,876.57,876.72
5973266.00,20180516_1911_27,389.85,486.54,876.39,0.1068,0.0016,0.0484,20180516_1908_49,20180516_1911_27,3,389.85,389.94,390.00,486.54,486.62,486.70,876.39,876.56,876.70
5980733.00,20180516_1911_27,389.85,486.55,876.40,0.0998,0.0041,0.0467,20180516_1908_50,20180516_1911_27,3,389.85,389.92,389.98,486.55,486.63,486.70,876.40,876.55,876.68
5988208.00,20180516_1911_27,389.86,486.55,876.41,0.0953,0.0044,0.0448,20180516_1908_50,20180516_1911_27,3,389.86,389.92,389.98,486.55,486.63,486.70,876.41,876.55,876.68
5995694.00,20180516_1911_27,389.86,486.55,876.41,0.0881,0.0044,0.0416,20180516_1908_50,20180516_1911_27,3,389.86,389.92,389.98,486.55,486.68,486.74,876.41,876.60,876.72
6003188.00,20180516_1911_27,389.86,486.60,876.46,0.0803,0.0147,0.0439,20180516_1908_50,20180516_1911_27,3,389.86,389.96,390.02,486.60,486.69,486.74,876.46,876.66,876.76
6010692.00,20180516_1911_28,389.93,486.60,876.53,0.0904,0.0142,0.0481,20180516_1908_50,20180516_1911_28,3,389.93,389.99,390.02,486.60,486.68,486.74,876.53,876.67,876.75
6018206.00,20180516_1911_28,389.93,486.60,876.53,0.0817,0.0142,0.0442,20180516_1908_50,20180516_1911_28,3,389.93,390.01,390.09,486.60,486.67,486.71,876.53,876.68,876.80
6025728.00,20180516_1911_28,389.93,486.64,876.57,0.0733,0.0224,0.0451,20180516_1908_50,20180516_1911_28,3,389.93,390.02,390.09,486.64,486.68,486.71,876.57,876.71,876.80
6033261.00,20180516_1911_28,390.25,486.64,876.89,0.1470,0.0220,0.0776,20180516_1908_50,20180516_1911_28,3,390.05,390.13,390.25,486.64,486.68,486.71,876.75,876.81,876.89
6040802.00,20180516_1911_28,390.25,486.64,876.89,0.1345,0.0202,0.0711,20180516_1908_50,20180516_1911_28,3,390.05,390.13,390.25,486.64,486.66,486.71,876.73,876.79,876.89
6048353.00,20180516_1911_28,390.25,486.63,876.88,0.1212,0.0164,0.0631,20180516_1908_50,20180516_1911_28,3,390.25,390.38,390.46,486.63,486.66,486.71,876.88,877.04,877.17
6055914.00,20180516_1911_28,390.55,486.63,877.18,0.1846,0.0148,0.0904,20180516_1908_50,20180516_1911_28,3,390.44,390.48,390.55,486.63,486.66,486.71,877.08,877.14,877.18
6063483.00,20180516_1911_28,390.55,486.63,877.18,0.1675,0.0136,0.0821,20180516_1908_50,20180516_1911_28,3,390.44,390.48,390.55,486.63,486.68,486.72,877.14,877.16,877.18
6071063.00,20180516_1911_28,390.55,486.63,877.18,0.1548,0.0123,0.0758,20180516_1908_50,20180516_1911_28,3,390.46,390.55,390.63,486.63,486.68,486.72,877.14,877.22,877.35
6078652.00,20180516_1911_28,390.55,486.56,877.11,0.1421,0.0033,0.0615,20180516_1908_50,20180516_1911_28,3,390.55,390.59,390.63,486.56,486.65,486.72,877.11,877.24,877.35
6086250.00,20180516_1911_28,390.50,486.56,877.06,0.1166,0.0038,0.0498,20180516_1908_51,20180516_1911_28,3,390.50,390.57,390.63,486.56,486.64,486.68,877.06,877.21,877.31
6093858.00,20180516_1911_28,390.50,486.68,877.18,0.1046,0.0202,0.0578,20180516_1908_51,20180516_1911_28,3,390.50,390.56,390.60,486.68,486.69,486.72,877.18,877.26,877.31
6101475.00,20180516_1911_28,390.67,486.68,877.35,0.1394,0.0184,0.0723,20180516_1908_51,20180516_1911_28,3,390.60,390.63,390.67,486.68,486.69,486.72,877.28,877.33,877.35
6109102.00,20180516_1911_28,390.67,486.68,877.35,0.1285,0.0165,0.0664,20180516_1908_51,20180516_1911_28,3,390.60,390.63,390.67,486.68,486.70,486.72,877.30,877.33,877.35
6116738.00,20180516_1911_29,390.67,486.64,877.31,0.1176,0.0069,0.0562,20180516_1908_51,20180516_1911_29,3,390.63,390.71,390.83,486.64,486.68,486.70,877.31,877.39,877.53
6124384.00,20180516_1911_29,391.03,486.64,877.67,0.1991,0.0059,0.0919,20180516_1908_51,20180516_1911_29,3,390.83,390.91,391.03,486.64,486.68,486.70,877.53,877.59,877.67
6132040.00,20180516_1911_29,391.03,486.64,877.67,0.1840,0.0048,0.0847,20180516_1908_51,20180516_1911_29,3,390.83,390.91,391.03,486.64,486.67,486.70,877.50,877.58,877.67
6139705.00,20180516_1911_29,391.03,486.58,877.61,0.1689,0.0084,0.0706,20180516_1908_51,20180516_1911_29,3,390.86,391.03,391.19,486.58,486.66,486.72,877.58,877.68,877.86
6147379.00,20180516_1911_29,391.13,486.58,877.71,0.1795,0.0087,0.0751,20180516_1908_51,20180516_1911_29,3,391.13,391.19,391.24,486.58,486.66,486.72,877.71,877.84,877.96
6155064.00,20180516_1911_29,391.13,486.58,877.71,0.1632,0.0090,0.0677,20180516_1908_51,20180516_1911_29,3,391.13,391.19,391.24,486.58,486.64,486.72,877.71,877.83,877.96
6162757.00,20180516_1911_29,391.13,486.57,877.70,0.1470,0.0109,0.0595,20180516_1908_51,20180516_1911_29,3,391.13,391.18,391.24,486.57,486.62,486.67,877.70,877.80,877.91
6170461.00,20180516_1911_29,391.12,486.57,877.69,0.1291,0.0106,0.0517,20180516_1908_51,20180516_1911_29,3,391.12,391.16,391.21,486.57,486.62,486.67,877.69,877.78,877.88
6178174.00,20180516_1911_29,391.12,486.57,877.69,0.1139,0.0103,0.0451,20180516_1908_51,20180516_1911_29,3,391.12,391.16,391.21,486.57,486.63,486.67,877.69,877.80,877.88
6185897.00,20180516_1911_29,391.12,486.59,877.71,0.0987,0.0055,0.0410,20180516_1908_51,20180516_1911_29,3,391.12,391.18,391.21,486.59,486.67,486.75,877.71,877.84,877.96
6193629.00,20180516_1911_29,391.14,486.59,877.73,0.0927,0.0049,0.0386,20180516_1908_52,20180516_1911_29,3,391.14,391.20,391.27,486.59,486.67,486.75,877.73,877.87,878.02
6201371.00,20180516_1911_29,391.14,486.59,877.73,0.0813,0.0044,0.0338,20180516_1908_52,20180516_1911_29,3,391.14,391.20,391.27,486.59,486.68,486.75,877.73,877.89,878.02
6209123.00,20180516_1911_29,391.14,486.53,877.67,0.0699,0.0163,0.0221,20180516_1908_52,20180516_1911_29,3,391.14,391.22,391.27,486.53,486.65,486.71,877.67,877.87,877.98
6216884.00,20180516_1911_30,391.09,486.53,877.62,0.0496,0.0153,0.0136,20180516_1908_52,20180516_1911_30,3,391.09,391.19,391.24,486.53,486.65,486.71,877.62,877.84,877.95
6224655.00,20180516_1911_30,391.09,486.53,877.62,0.0427,0.0143,0.0111,20180516_1908_52,20180516_1911_30,3,391.09,391.19,391.24,486.53,486.62,486.71,877.62,877.80,877.94
6232436.00,20180516_1911_30,391.09,486.59,877.68,0.0358,0.0009,0.0154,20180516_1908_52,20180516_1911_30,3,391.09,391.18,391.23,486.59,486.64,486.71,877.68,877.82,877.94
6240227.00,20180516_1911_30,391.28,486.59,877.87,0.0774,0.0012,0.0338,20180516_1908_52,20180516_1911_30,3,391.23,391.25,391.28,486.59,486.63,486.68,877.84,877.87,877.91
6248027.00,20180516_1911_30,391.28,486.59,877.87,0.0675,0.0015,0.0292,20180516_1908_52,20180516_1911_30,3,391.23,391.27,391.29,486.59,486.65,486.69,877.87,877.92,877.97
6255837.00,20180516_1911_30,391.28,486.57,877.85,0.0575,0.0047,0.0230,20180516_1908_52,20180516_1911_30,3,391.28,391.43,391.71,486.57,486.66,486.71,877.85,878.08,878.40
6263657.00,20180516_1911_30,391.67,486.57,878.24,0.1492,0.0036,0.0646,20180516_1908_52,20180516_1911_30,3,391.67,391.70,391.71,486.57,486.66,486.71,878.24,878.35,878.42
6271486.00,20180516_1911_30,391.67,486.57,878.24,0.1365,0.0025,0.0595,20180516_1908_52,20180516_1911_30,3,391.67,391.70,391.71,486.57,486.67,486.74,878.24,878.37,878.45
6279326.00,20180516_1911_30,391.67,486.64,878.31,0.1237,0.0126,0.0622,20180516_1908_52,20180516_1911_30,3,391.67,391.74,391.85,486.64,486.70,486.74,878.31,878.44,878.59
6287175.00,20180516_1911_30,391.76,486.64,878.40,0.1385,0.0126,0.0688,20180516_1908_52,20180516_1911_30,3,391.76,391.79,391.85,486.64,486.69,486.74,878.40,878.48,878.59
6295034.00,20180516_1911_30,391.76,486.75,878.51,0.1292,0.0352,0.0771,20180516_1908_53,20180516_1911_30,3,391.76,391.79,391.85,486.68,486.75,486.81,878.44,878.54,878.66
6302903.00,20180516_1911_30,391.76,486.75,878.51,0.1198,0.0335,0.0720,20180516_1908_53,20180516_1911_30,3,391.76,391.79,391.84,486.68,486.75,486.81,878.44,878.53,878.65
6310781.00,20180516_1911_30,391.79,486.75,878.54,0.1195,0.0317,0.0709,20180516_1908_53,20180516_1911_30,3,391.76,391.80,391.84,486.75,486.80,486.85,878.54,878.60,878.65
6318670.00,20180516_1911_31,391.79,486.75,878.54,0.1110,0.0300,0.0661,20180516_1908_53,20180516_1911_31,3,391.79,391.83,391.86,486.75,486.80,486.85,878.54,878.63,878.71
6326568.00,20180516_1911_31,391.85,486.82,878.67,0.1179,0.0425,0.0761,20180516_1908_53,20180516_1911_31,3,391.84,391.85,391.86,486.79,486.84,486.92,878.63,878.69,878.78
6334476.00,20180516_1911_31,391.85,486.82,878.67,0.1086,0.0400,0.0706,20180516_1908_53,20180516_1911_31,3,391.84,391.87,391.92,486.79,486.84,486.92,878.63,878.71,878.84
6342394.00,20180516_1911_31,391.85,486.82,878.67,0.0993,0.0374,0.0650,20180516_1908_53,20180516_1911_31,3,391.84,391.87,391.92,486.79,486.84,486.92,878.63,878.71,878.84
6350322.00,20180516_1911_31,392.27,486.82,879.09,0.1969,0.0350,0.1073,20180516_1908_53,20180516_1911_31,3,391.84,392.01,392.27,486.82,486.85,486.92,878.66,878.86,879.09
6358260.00,20180516_1911_31,392.27,486.82,879.09,0.1825,0.0327,0.0995,20180516_1908_53,20180516_1911_31,3,391.92,392.15,392.27,486.82,486.88,487.01,878.93,879.04,879.09
6366208.00,20180516_1911_31,392.27,486.86,879.13,0.1681,0.0385,0.0963,20180516_1908_53,20180516_1911_31,3,392.27,392.29,392.33,486.86,486.93,487.01,879.13,879.22,879.34
6374166.00,20180516_1911_31,392.35,486.86,879.21,0.1741,0.0351,0.0971,20180516_1908_53,20180516_1911_31,3,392.33,392.37,392.43,486.86,486.93,487.01,879.21,879.30,879.35
6382134.00,20180516_1911_31,392.35,486.86,879.21,0.1580,0.0317,0.0881,20180516_1908_53,20180516_1911_31,3,392.33,392.37,392.43,486.86,487.01,487.25,879.21,879.38,879.58
6390111.00,20180516_1911_31,392.35,486.94,879.29,0.1420,0.0448,0.0881,20180516_1908_53,20180516_1911_31,3,392.35,392.44,392.53,486.94,487.07,487.25,879.29,879.51,879.78
6398099.00,20180516_1911_31,392.35,486.94,879.29,0.1259,0.0412,0.0790,20180516_1908_53,20180516_1911_31,3,392.35,392.45,392.53,486.94,487.07,487.25,879.29,879.52,879.78
6406097.00,20180516_1911_31,392.35,486.94,879.29,0.1123,0.0376,0.0709,20180516_1908_54,20180516_1911_31,3,392.35,392.45,392.53,486.94,487.03,487.11,879.29,879.47,879.64
6414104.00,20180516_1911_31,392.35,486.94,879.29,0.0986,0.0340,0.0628,20180516_1908_54,20180516_1911_31,3,392.35,392.42,392.46,486.94,487.02,487.11,879.29,879.44,879.55
6422122.00,20180516_1911_31,392.35,487.07,879.42,0.0850,0.0569,0.0694,20180516_1908_54,20180516_1911_31,3,392.35,392.42,392.46,487.01,487.06,487.11,879.42,879.48,879.55
6430149.00,20180516_1911_32,392.58,487.07,879.65,0.1349,0.0517,0.0888,20180516_1908_54,20180516_1911_32,3,392.44,392.52,392.58,487.01,487.10,487.21,879.55,879.62,879.65
6438187.00,20180516_1911_32,392.58,487.07,879.65,0.1233,0.0466,0.0808,20180516_1908_54,20180516_1911_32,3,392.54,392.61,392.71,487.07,487.15,487.21,879.65,879.76,879.92
6446235.00,20180516_1911_32,392.58,487.21,879.79,0.1117,0.0709,0.0891,20180516_1908_54,20180516_1911_32,3,392.58,392.78,393.06,487.18,487.20,487.21,879.79,879.98,880.24
6454293.00,20180516_1911_32,393.04,487.21,880.25,0.2182,0.0651,0.1334,20180516_1908_54,20180516_1911_32,3,392.71,392.94,393.06,487.18,487.22,487.28,879.99,880.16,880.25
6462361.00,20180516_1911_32,393.04,487.21,880.25,0.2019,0.0603,0.1235,20180516_1908_54,20180516_1911_32,3,393.04,393.07,393.11,487.16,487.22,487.28,880.22,880.29,880.39
6470438.00,20180516_1911_32,393.04,487.17,880.21,0.1856,0.0474,0.1091,20180516_1908_54,20180516_1911_32,3,393.04,393.06,393.11,487.16,487.20,487.28,880.20,880.27,880.39
6478527.00,20180516_1911_32,393.02,487.17,880.19,0.1646,0.0431,0.0974,20180516_1908_54,20180516_1911_32,3,393.02,393.06,393.11,487.16,487.19,487.25,880.19,880.25,880.36
6486625.00,20180516_1911_32,393.02,487.17,880.19,0.1490,0.0388,0.0880,20180516_1908_54,20180516_1911_32,3,393.02,393.04,393.07,487.17,487.22,487.25,880.19,880.27,880.32
6494733.00,20180516_1911_32,393.02,487.27,880.29,0.1341,0.0557,0.0907,20180516_1908_54,20180516_1911_32,3,393.02,393.06,393.09,487.25,487.26,487.27,880.29,880.32,880.34
6502851.00,20180516_1911_32,393.08,487.27,880.35,0.1344,0.0511,0.0883,20180516_1908_54,20180516_1911_32,3,393.07,393.08,393.09,487.25,487.28,487.31,880.34,880.36,880.38
6510980.00,20180516_1911_32,393.08,487.27,880.35,0.1188,0.0465,0.0788,20180516_1908_54,20180516_1911_32,3,393.08,393.09,393.10,487.27,487.30,487.31,880.35,880.39,880.41
6519119.00,20180516_1911_32,393.08,487.24,880.32,0.1085,0.0357,0.0682,20180516_1908_55,20180516_1911_32,3,393.08,393.11,393.15,487.24,487.29,487.31,880.32,880.40,880.46
6527268.00,20180516_1911_32,393.15,487.24,880.39,0.1160,0.0314,0.0692,20180516_1908_55,20180516_1911_32,3,393.10,393.13,393.15,487.23,487.26,487.31,880.33,880.39,880.46
6535427.00,20180516_1911_33,393.15,487.24,880.39,0.1048,0.0275,0.0620,20180516_1908_55,20180516_1911_33,3,393.14,393.15,393.15,487.21,487.23,487.24,880.36,880.37,880.39
6543596.00,20180516_1911_33,393.15,487.20,880.35,0.0946,0.0154,0.0508,20180516_1908_55,20180516_1911_33,3,393.14,393.27,393.51,487.20,487.21,487.23,880.35,880.48,880.72
6551775.00,20180516_1911_33,393.53,487.20,880.73,0.1809,0.0119,0.0874,20180516_1908_55,20180516_1911_33,3,393.14,393.39,393.53,487.20,487.22,487.25,880.39,880.61,880.73
6559965.00,20180516_1911_33,393.53,487.20,880.73,0.1659,0.0092,0.0793,20180516_1908_55,20180516_1911_33,3,393.51,393.55,393.62,487.19,487.21,487.25,880.70,880.77,880.87
6568165.00,20180516_1911_33,393.53,487.23,880.76,0.1509,0.0127,0.0745,20180516_1908_55,20180516_1911_33,3,393.53,393.59,393.63,487.19,487.22,487.25,880.76,880.82,880.87
6576375.00,20180516_1911_33,393.66,487.23,880.89,0.1689,0.0098,0.0809,20180516_1908_55,20180516_1911_33,3,393.62,393.64,393.66,487.19,487.22,487.25,880.82,880.86,880.89
6584596.00,20180516_1911_33,393.66,487.23,880.89,0.1523,0.0068,0.0718,20180516_1908_55,20180516_1911_33,3,393.62,393.64,393.66,487.21,487.26,487.33,880.84,880.89,880.95
6592827.00,20180516_1911_33,393.66,487.23,880.89,0.1356,0.0051,0.0635,20180516_1908_55,20180516_1911_33,3,393.64,393.68,393.74,487.21,487.26,487.33,880.85,880.94,881.07
6601068.00,20180516_1911_33,393.66,487.26,880.92,0.1219,0.0096,0.0598,20180516_1908_55,20180516_1911_33,3,393.64,393.68,393.74,487.21,487.27,487.33,880.85,880.95,881.07
6609319.00,20180516_1911_33,393.68,487.26,880.94,0.1133,0.0077,0.0549,20180516_1908_55,20180516_1911_33,3,393.64,393.69,393.74,487.13,487.24,487.32,880.77,880.92,881.06
6617581.00,20180516_1911_33,393.68,487.23,880.91,0.0993,0.0010,0.0450,20180516_1908_55,20180516_1911_33,3,393.64,393.68,393.73,487.13,487.23,487.32,880.77,880.91,881.05
6625852.00,20180516_1911_33,393.75,487.23,880.98,0.1090,0.0008,0.0491,20180516_1908_55,20180516_1911_33,3,393.61,393.70,393.75,487.13,487.23,487.32,880.74,880.92,881.05
6634135.00,20180516_1911_33,393.75,487.23,880.98,0.0999,0.0006,0.0450,20180516_1908_56,20180516_1911_33,3,393.61,393.70,393.75,487.13,487.22,487.29,880.74,880.91,881.02
6642427.00,20180516_1911_33,393.75,487.23,880.98,0.0909,0.0000,0.0406,20180516_1908_56,20180516_1911_33,3,393.61,393.75,393.88,487.23,487.25,487.29,880.84,881.00,881.17
6650731.00,20180516_1911_34,394.21,487.23,881.44,0.1982,0.0006,0.0883,20180516_1908_56,20180516_1911_34,3,393.88,394.07,394.21,487.23,487.25,487.29,881.17,881.32,881.44
6659044.00,20180516_1911_34,394.21,487.23,881.44,0.1831,0.0012,0.0812,20180516_1908_56,20180516_1911_34,3,393.88,394.07,394.21,487.23,487.25,487.28,881.16,881.32,881.44
6667368.00,20180516_1911_34,394.21,487.27,881.48,0.1681,0.0074,0.0792,20180516_1908_56,20180516_1911_34,3,394.13,394.21,394.28,487.24,487.26,487.28,881.37,881.47,881.56
6675702.00,20180516_1911_34,394.31,487.27,881.58,0.1790,0.0074,0.0842,20180516_1908_56,20180516_1911_34,3,394.28,394.29,394.31,487.24,487.26,487.28,881.52,881.55,881.58
6684047.00,20180516_1911_34,394.31,487.27,881.58,0.1635,0.0074,0.0772,20180516_1908_56,20180516_1911_34,3,394.28,394.29,394.31,487.24,487.27,487.29,881.52,881.56,881.58
6692402.00,20180516_1911_34,394.31,487.23,881.54,0.1479,0.0011,0.0655,20180516_1908_56,20180516_1911_34,3,394.28,394.31,394.33,487.20,487.24,487.29,881.48,881.55,881.62
6700767.00,20180516_1911_34,394.27,487.23,881.50,0.1230,0.0010,0.0545,20180516_1908_56,20180516_1911_34,3,394.25,394.28,394.33,487.20,487.24,487.29,881.45,881.52,881.62
6709143.00,20180516_1911_34,394.27,487.23,881.50,0.1088,0.0009,0.0482,20180516_1908_56,20180516_1911_34,3,394.25,394.28,394.33,487.20,487.25,487.32,881.45,881.53,881.65
6717530.00,20180516_1911_34,394.27,487.23,881.50,0.0946,0.0012,0.0416,20180516_1908_56,20180516_1911_34,3,394.25,394.29,394.35,487.19,487.25,487.32,881.44,881.54,881.67
6725926.00,20180516_1911_34,394.27,487.23,881.50,0.0852,0.0015,0.0373,20180516_1908_56,20180516_1911_34,3,394.24,394.29,394.35,487.19,487.25,487.32,881.43,881.53,881.67
6734334.00,20180516_1911_34,394.27,487.23,881.50,0.0758,0.0018,0.0329,20180516_1908_56,20180516_1911_34,3,394.24,394.29,394.35,487.19,487.25,487.33,881.43,881.54,881.68
6742752.00,20180516_1911_34,394.27,487.20,881.47,0.0665,0.0080,0.0253,20180516_1908_56,20180516_1911_34,3,394.24,394.29,394.36,487.20,487.25,487.33,881.46,881.54,881.69
6751180.00,20180516_1911_34,394.39,487.20,881.59,0.0891,0.0077,0.0356,20180516_1908_57,20180516_1911_34,3,394.36,394.38,394.39,487.20,487.25,487.33,881.59,881.63,881.69
6759619.00,20180516_1911_35,394.39,487.20,881.59,0.0799,0.0074,0.0317,20180516_1908_57,20180516_1911_35,3,394.36,394.38,394.39,487.20,487.25,487.33,881.59,881.63,881.69
6768069.00,20180516_1911_35,394.39,487.15,881.54,0.0706,0.0173,0.0220,20180516_1908_57,20180516_1911_35,3,394.39,394.48,394.67,487.15,487.24,487.33,881.54,881.72,882.00
6776529.00,20180516_1911_35,394.82,487.15,881.97,0.1702,0.0162,0.0672,20180516_1908_57,20180516_1911_35,3,394.67,394.79,394.87,487.15,487.24,487.33,881.97,882.02,882.10
6784999.00,20180516_1911_35,394.82,487.15,881.97,0.1558,0.0151,0.0614,20180516_1908_57,20180516_1911_35,3,394.67,394.79,394.87,487.15,487.20,487.23,881.90,881.99,882.10
6793481.00,20180516_1911_35,394.82,487.22,882.04,0.1413,0.0001,0.0633,20180516_1908_57,20180516_1911_35,3,394.82,394.86,394.88,487.17,487.21,487.23,882.04,882.06,882.11
6801973.00,20180516_1911_35,394.89,487.22,882.11,0.1455,0.0002,0.0652,20180516_1908_57,20180516_1911_35,3,394.84,394.87,394.89,487.17,487.21,487.23,882.01,882.08,882.11
6810475.00,20180516_1911_35,394.89,487.22,882.11,0.1311,0.0003,0.0588,20180516_1908_57,20180516_1911_35,3,394.84,394.87,394.89,487.17,487.21,487.24,882.01,882.08,882.12
6818988.00,20180516_1911_35,394.89,487.19,882.08,0.1166,0.0058,0.0490,20180516_1908_57,20180516_1911_35,3,394.84,394.88,394.90,487.17,487.20,487.24,882.01,882.08,882.14
6827512.00,20180516_1911_35,394.87,487.19,882.06,0.1029,0.0053,0.0431,20180516_1908_57,20180516_1911_35,3,394.84,394.87,394.90,487.19,487.22,487.24,882.06,882.09,882.14
6836046.00,20180516_1911_35,394.87,487.19,882.06,0.0946,0.0049,0.0396,20180516_1908_57,20180516_1911_35,3,394.87,394.89,394.90,487.19,487.25,487.33,882.06,882.13,882.23
6844591.00,20180516_1911_35,394.87,487.17,882.04,0.0862,0.0082,0.0341,20180516_1908_57,20180516_1911_35,3,394.87,394.91,394.97,487.17,487.24,487.33,882.04,882.15,882.30
6853147.00,20180516_1911_35,394.87,487.17,882.04,0.0791,0.0072,0.0315,20180516_1908_57,20180516_1911_35,3,394.87,394.91,394.97,487.17,487.23,487.33,882.04,882.15,882.30
6861713.00,20180516_1911_35,394.87,487.17,882.04,0.0720,0.0062,0.0288,20180516_1908_57,20180516_1911_35,3,394.87,394.91,394.97,487.17,487.23,487.33,882.04,882.15,882.30
6870291.00,20180516_1911_35,394.87,487.20,882.07,0.0650,0.0006,0.0294,20180516_1908_58,20180516_1911_35,3,394.87,394.91,394.97,487.15,487.19,487.21,882.05,882.10,882.18
6878878.00,20180516_1911_36,395.30,487.20,882.50,0.1661,0.0009,0.0749,20180516_1908_58,20180516_1911_36,3,394.90,395.07,395.30,487.15,487.19,487.21,882.05,882.26,882.50
6887477.00,20180516_1911_36,395.30,487.20,882.50,0.1530,0.0012,0.0692,20180516_1908_58,20180516_1911_36,3,395.01,395.17,395.30,487.15,487.19,487.21,882.22,882.36,882.50
6896086.00,20180516_1911_36,395.30,487.16,882.46,0.1400,0.0067,0.0590,20180516_1908_58,20180516_1911_36,3,395.21,395.34,395.51,487.15,487.21,487.31,882.36,882.55,882.82
6904707.00,20180516_1911_36,395.45,487.16,882.61,0.1649,0.0060,0.0706,20180516_1908_58,20180516_1911_36,3,395.21,395.39,395.51,487.16,487.25,487.31,882.50,882.64,882.82
6913337.00,20180516_1911_36,395.45,487.16,882.61,0.1500,0.0052,0.0643,20180516_1908_58,20180516_1911_36,3,395.45,395.50,395.55,487.16,487.25,487.31,882.61,882.76,882.84
6921979.00,20180516_1911_36,395.45,487.13,882.58,0.1350,0.0110,0.0544,20180516_1908_58,20180516_1911_36,3,395.45,395.50,395.55,487.13,487.24,487.31,882.58,882.75,882.84
6930632.00,20180516_1911_36,395.42,487.13,882.55,0.1141,0.0103,0.0454,20180516_1908_58,20180516_1911_36,3,395.42,395.51,395.56,487.13,487.24,487.31,882.55,882.75,882.87
6939295.00,20180516_1911_36,395.42,487.13,882.55,0.1010,0.0095,0.0400,20180516_1908_58,20180516_1911_36,3,395.42,395.51,395.56,487.13,487.24,487.31,882.55,882.75,882.87
6947969.00,20180516_1911_36,395.42,487.30,882.72,0.0880,0.0255,0.0535,20180516_1908_58,20180516_1911_36,3,395.42,395.51,395.56,487.28,487.31,487.36,882.72,882.82,882.92
6956654.00,20180516_1911_36,395.57,487.30,882.87,0.1183,0.0240,0.0663,20180516_1908_58,20180516_1911_36,3,395.54,395.57,395.60,487.30,487.33,487.36,882.86,882.90,882.96
6965350.00,20180516_1911_36,395.57,487.30,882.87,0.1088,0.0225,0.0612,20180516_1908_58,20180516_1911_36,3,395.57,395.60,395.63,487.30,487.33,487.36,882.87,882.93,882.96
6974056.00,20180516_1911_36,395.57,487.29,882.86,0.0994,0.0196,0.0553,20180516_1908_58,20180516_1911_36,3,395.57,395.60,395.63,487.28,487.30,487.32,882.86,882.90,882.95
6982774.00,20180516_1911_36,395.57,487.29,882.86,0.0908,0.0189,0.0511,20180516_1908_58,20180516_1911_36,3,395.57,395.61,395.63,487.24,487.27,487.29,882.86,882.88,882.91
6991502.00,20180516_1911_36,396.01,487.29,883.30,0.1932,0.0182,0.0966,20180516_1908_59,20180516_1911_36,3,395.63,395.89,396.04,487.24,487.27,487.29,882.91,883.16,883.30
7000242.00,20180516_1911_37,396.01,487.29,883.30,0.1790,0.0171,0.0897,20180516_1908_59,20180516_1911_37,3,395.63,395.89,396.04,487.24,487.32,487.42,883.05,883.21,883.30
7008992.00,20180516_1911_37,396.18,487.31,883.49,0.2075,0.0202,0.1042,20180516_1908_59,20180516_1911_37,3,396.04,396.15,396.22,487.26,487.33,487.42,883.30,883.48,883.64
7017753.00,20180516_1911_37,396.18,487.31,883.49,0.1909,0.0190,0.0961,20180516_1908_59,20180516_1911_37,3,396.14,396.18,396.22,487.26,487.33,487.42,883.40,883.51,883.64
7026526.00,20180516_1911_37,396.18,487.31,883.49,0.1744,0.0175,0.0879,20180516_1908_59,20180516_1911_37,3,396.14,396.18,396.22,487.26,487.33,487.43,883.40,883.51,883.65
7035309.00,20180516_1911_37,396.18,487.31,883.49,0.1579,0.0161,0.0797,20180516_1908_59,20180516_1911_37,3,396.14,396.19,396.24,487.31,487.37,487.43,883.49,883.55,883.67
7044103.00,20180516_1911_37,396.17,487.31,883.48,0.1388,0.0147,0.0703,20180516_1908_59,20180516_1911_37,3,396.17,396.19,396.24,487.31,487.37,487.43,883.48,883.56,883.67
7052908.00,20180516_1911_37,396.17,487.31,883.48,0.1224,0.0135,0.0624,20180516_1908_59,20180516_1911_37,3,396.17,396.19,396.24,487.31,487.36,487.42,883.48,883.56,883.66
7061724.00,20180516_1911_37,396.17,487.38,883.55,0.1114,0.0268,0.0647,20180516_1908_59,20180516_1911_37,3,396.17,396.19,396.23,487.36,487.39,487.42,883.53,883.58,883.65
7070551.00,20180516_1911_37,396.30,487.38,883.68,0.1332,0.0249,0.0735,20180516_1908_59,20180516_1911_37,3,396.17,396.23,396.30,487.38,487.43,487.49,883.65,883.66,883.68
7079389.00,20180516_1911_37,396.30,487.40,883.70,0.1206,0.0268,0.0689,20180516_1908_59,20180516_1911_37,3,396.23,396.33,396.47,487.40,487.45,487.49,883.68,883.78,883.96
7088239.00,20180516_1911_37,396.80,487.40,884.20,0.2358,0.0243,0.1192,20180516_1908_59,20180516_1911_37,3,396.47,396.64,396.80,487.40,487.42,487.45,883.88,884.06,884.20
7097099.00,20180516_1911_37,396.80,487.40,884.20,0.2187,0.0219,0.1102,20180516_1908_59,20180516_1911_37,3,396.65,396.74,396.80,487.40,487.42,487.45,884.10,884.16,884.20
7105970.00,20180516_1911_37,396.80,487.44,884.24,0.2017,0.0273,0.1056,20180516_1908_59,20180516_1911_37,3,396.65,396.74,396.80,487.41,487.46,487.52,884.17,884.20,884.24
7114853.00,20180516_1911_38,396.74,487.44,884.18,0.1692,0.0241,0.0892,20180516_1909_00,20180516_1911_38,3,396.74,396.78,396.83,487.41,487.46,487.52,884.18,884.24,884.35
7123746.00,20180516_1911_38,396.74,487.44,884.18,0.1526,0.0209,0.0800,20180516_1909_00,20180516_1911_38,3,396.74,396.79,396.83,487.41,487.46,487.52,884.18,884.24,884.35
7132651.00,20180516_1911_38,396.74,487.38,884.12,0.1360,0.0072,0.0650,20180516_1909_00,20180516_1911_38,3,396.74,396.79,396.83,487.38,487.41,487.45,884.12,884.20,884.28
7141567.00,20180516_1911_38,396.74,487.38,884.12,0.1212,0.0064,0.0579,20180516_1909_00,20180516_1911_38,3,396.74,396.76,396.79,487.38,487.41,487.45,884.12,884.17,884.20
7150494.00,20180516_1911_38,396.75,487.38,884.13,0.1090,0.0055,0.0520,20180516_1909_00,20180516_1911_38,3,396.75,396.76,396.79,487.38,487.41,487.45,884.13,884.18,884.20
7159432.00,20180516_1911_38,396.75,487.49,884.24,0.0941,0.0272,0.0572,20180516_1909_00,20180516_1911_38,3,396.75,396.75,396.76,487.41,487.50,487.61,884.17,884.26,884.36
7168381.00,20180516_1911_38,396.93,487.49,884.42,0.1246,0.0251,0.0698,20180516_1909_00,20180516_1911_38,3,396.76,396.83,396.93,487.41,487.50,487.61,884.17,884.34,884.42
7177342.00,20180516_1911_38,396.93,487.49,884.42,0.1130,0.0231,0.0634,20180516_1909_00,20180516_1911_38,3,396.76,396.83,396.93,487.45,487.52,487.61,884.21,884.35,884.42
7186313.00,20180516_1911_38,396.93,487.52,884.45,0.1014,0.0272,0.0605,20180516_1909_00,20180516_1911_38,3,396.81,396.98,397.20,487.45,487.53,487.62,884.43,884.51,884.65
7195296.00,20180516_1911_38,397.38,487.52,884.90,0.2051,0.0250,0.1059,20180516_1909_00,20180516_1911_38,3,396.81,397.13,397.38,487.45,487.53,487.62,884.43,884.66,884.90
7204290.00,20180516_1911_38,397.38,487.52,884.90,0.1900,0.0229,0.0979,20180516_1909_00,20180516_1911_38,3,397.20,397.29,397.38,487.50,487.55,487.62,884.70,884.83,884.90
7213296.00,20180516_1911_38,397.38,487.50,884.88,0.1749,0.0166,0.0877,20180516_1909_00,20180516_1911_38,3,397.28,397.35,397.39,487.50,487.54,487.62,884.88,884.89,884.90
7222312.00,20180516_1911_38,397.37,487.50,884.87,0.1573,0.0147,0.0787,20180516_1909_00,20180516_1911_38,3,397.28,397.35,397.39,487.50,487.52,487.56,884.84,884.87,884.89
7231340.00,20180516_1911_38,397.37,487.50,884.87,0.1422,0.0127,0.0709,20180516_1909_00,20180516_1911_38,3,397.34,397.37,397.39,487.47,487.51,487.56,884.86,884.88,884.90
7240379.00,20180516_1911_39,397.37,487.50,884.87,0.1271,0.0108,0.0630,20180516_1909_01,20180516_1911_39,3,397.34,397.35,397.37,487.47,487.51,487.56,884.81,884.86,884.90
7249430.00,20180516_1911_39,397.38,487.52,884.90,0.1145,0.0136,0.0589,20180516_1909_01,20180516_1911_39,3,397.34,397.35,397.38,487.47,487.57,487.71,884.81,884.92,885.05
7258492.00,20180516_1911_39,397.38,487.52,884.90,0.1009,0.0122,0.0520,20180516_1909_01,20180516_1911_39,3,397.34,397.39,397.45,487.45,487.56,487.71,884.79,884.95,885.16
7267565.00,20180516_1911_39,397.38,487.47,884.85,0.0873,0.0007,0.0396,20180516_1909_01,20180516_1911_39,3,397.38,397.42,397.45,487.45,487.54,487.71,884.85,884.96,885.16
7276649.00,20180516_1911_39,397.62,487.47,885.09,0.1403,0.0000,0.0630,20180516_1909_01,20180516_1911_39,3,397.42,397.50,397.62,487.45,487.55,487.74,884.87,885.05,885.19
7285745.00,20180516_1911_39,397.62,487.47,885.09,0.1300,0.0007,0.0580,20180516_1909_01,20180516_1911_39,3,397.42,397.57,397.67,487.45,487.55,487.74,884.87,885.12,885.41
7294852.00,20180516_1911_39,397.62,487.47,885.09,0.1197,0.0010,0.0532,20180516_1909_01,20180516_1911_39,3,397.62,397.71,397.84,487.45,487.55,487.74,885.09,885.26,885.41
7303971.00,20180516_1911_39,397.62,487.49,885.11,0.1086,0.0028,0.0503,20180516_1909_01,20180516_1911_39,3,397.62,397.71,397.84,487.45,487.53,487.66,885.11,885.24,885.33
7313101.00,20180516_1911_39,397.99,487.49,885.48,0.1905,0.0023,0.0868,20180516_1909_01,20180516_1911_39,3,397.84,397.95,398.03,487.44,487.53,487.66,885.28,885.48,885.69
7322242.00,20180516_1911_39,397.99,487.49,885.48,0.1748,0.0011,0.0792,20180516_1909_01,20180516_1911_39,3,397.84,397.95,398.03,487.44,487.53,487.66,885.28,885.48,885.69
7331395.00,20180516_1911_39,397.99,487.50,885.49,0.1590,0.0021,0.0726,20180516_1909_01,20180516_1911_39,3,397.99,398.01,398.03,487.44,487.54,487.68,885.45,885.55,885.71
7340559.00,20180516_1911_39,398.03,487.50,885.53,0.1535,0.0008,0.0695,20180516_1909_01,20180516_1911_39,3,398.01,398.04,398.09,487.43,487.54,487.68,885.44,885.58,885.77
7349735.00,20180516_1911_39,398.03,487.50,885.53,0.1374,0.0007,0.0622,20180516_1909_01,20180516_1911_39,3,398.03,398.05,398.09,487.43,487.54,487.68,885.47,885.59,885.77
7358922.00,20180516_1911_39,398.03,487.41,885.44,0.1236,0.0179,0.0457,20180516_1909_01,20180516_1911_39,3,398.03,398.05,398.09,487.41,487.51,487.68,885.44,885.56,885.77
7368121.00,20180516_1911_40,398.03,487.41,885.44,0.1098,0.0170,0.0400,20180516_1909_02,20180516_1911_40,3,398.03,398.05,398.09,487.36,487.44,487.55,885.40,885.49,885.64
7377331.00,20180516_1911_40,398.03,487.41,885.44,0.0960,0.0159,0.0344,20180516_1909_02,20180516_1911_40,3,398.03,398.07,398.10,487.36,487.44,487.55,885.44,885.51,885.63
7386553.00,20180516_1911_40,398.03,487.32,885.35,0.0878,0.0332,0.0212,20180516_1909_02,20180516_1911_40,3,398.03,398.07,398.10,487.32,487.41,487.55,885.35,885.48,885.63
7395786.00,20180516_1911_40,398.40,487.32,885.72,0.1724,0.0312,0.0604,20180516_1909_02,20180516_1911_40,3,398.10,398.30,398.40,487.27,487.34,487.42,885.37,885.63,885.81
7405030.00,20180516_1911_40,398.40,487.32,885.72,0.1596,0.0293,0.0557,20180516_1909_02,20180516_1911_40,3,398.10,398.30,398.40,487.27,487.34,487.42,885.37,885.63,885.81
7414287.00,20180516_1911_40,398.40,487.34,885.74,0.1467,0.0234,0.0531,20180516_1909_02,20180516_1911_40,3,398.39,398.45,398.56,487.27,487.36,487.48,885.74,885.81,885.87
7423555.00,20180516_1911_40,398.67,487.34,886.01,0.2014,0.0217,0.0787,20180516_1909_02,20180516_1911_40,3,398.56,398.66,398.76,487.27,487.36,487.48,885.83,886.03,886.24
7432834.00,20180516_1911_40,398.67,487.34,886.01,0.1851,0.0201,0.0722,20180516_1909_02,20180516_1911_40,3,398.62,398.68,398.76,487.26,487.36,487.48,885.88,886.04,886.24
7442125.00,20180516_1911_40,398.67,487.39,886.06,0.1689,0.0080,0.0716,20180516_1909_02,20180516_1911_40,3,398.62,398.68,398.76,487.26,487.33,487.39,885.88,886.02,886.11
7451428.00,20180516_1911_40,398.71,487.39,886.10,0.1628,0.0067,0.0696,20180516_1909_02,20180516_1911_40,3,398.62,398.67,398.71,487.26,487.33,487.39,885.88,886.00,886.10
7460742.00,20180516_1911_40,398.71,487.39,886.10,0.1461,0.0058,0.0625,20180516_1909_02,20180516_1911_40,3,398.63,398.67,398.71,487.26,487.33,487.39,885.89,886.00,886.10
7470068.00,20180516_1911_40,398.71,487.37,886.08,0.1324,0.0091,0.0546,20180516_1909_02,20180516_1911_40,3,398.63,398.67,398.71,487.26,487.33,487.37,885.89,886.00,886.08
7479406.00,20180516_1911_40,398.79,487.37,886.16,0.1388,0.0081,0.0580,20180516_1909_02,20180516_1911_40,3,398.63,398.70,398.79,487.29,487.36,487.41,885.92,886.05,886.16
7488755.00,20180516_1911_41,398.79,487.37,886.16,0.1241,0.0071,0.0520,20180516_1909_03,20180516_1911_41,3,398.63,398.75,398.82,487.29,487.36,487.41,885.92,886.10,886.23
7498116.00,20180516_1911_41,398.79,487.30,886.09,0.1095,0.0202,0.0381,20180516_1909_03,20180516_1911_41,3,398.79,398.89,399.07,487.29,487.33,487.41,886.09,886.23,886.36
7507488.00,20180516_1911_41,399.26,487.30,886.56,0.2170,0.0183,0.0877,20180516_1909_03,20180516_1911_41,3,398.82,399.05,399.26,487.29,487.32,487.38,886.20,886.37,886.56
7516873.00,20180516_1911_41,399.26,487.30,886.56,0.2011,0.0163,0.0816,20180516_1909_03,20180516_1911_41,3,399.07,399.21,399.30,487.27,487.32,487.38,886.34,886.53,886.68
7526269.00,20180516_1911_41,399.26,487.34,886.60,0.1852,0.0061,0.0801,20180516_1909_03,20180516_1911_41,3,399.26,399.27,399.30,487.27,487.33,487.38,886.53,886.60,886.68
7535677.00,20180516_1911_41,399.32,487.34,886.66,0.1848,0.0044,0.0808,20180516_1909_03,20180516_1911_41,3,399.26,399.29,399.32,487.27,487.32,487.35,886.53,886.61,886.66
7545096.00,20180516_1911_41,399.32,487.34,886.66,0.1687,0.0028,0.0744,20180516_1909_03,20180516_1911_41,3,399.26,399.30,399.32,487.30,487.33,487.35,886.56,886.63,886.66
7554528.00,20180516_1911_41,399.32,487.35,886.67,0.1525,0.0000,0.0687,20180516_1909_03,20180516_1911_41,3,399.28,399.30,399.32,487.30,487.33,487.35,886.58,886.64,886.67
7563971.00,20180516_1911_41,399.32,487.35,886.67,0.1364,0.0006,0.0617,20180516_1909_03,20180516_1911_41,3,399.28,399.30,399.32,487.30,487.39,487.51,886.58,886.69,886.82
7573426.00,20180516_1911_41,399.29,487.35,886.64,0.1127,0.0012,0.0514,20180516_1909_03,20180516_1911_41,3,399.28,399.31,399.37,487.32,487.39,487.51,886.60,886.71,886.88
7582893.00,20180516_1911_41,399.29,487.35,886.64,0.0969,0.0009,0.0442,20180516_1909_03,20180516_1911_41,3,399.28,399.31,399.37,487.32,487.39,487.51,886.60,886.71,886.88
7592371.00,20180516_1911_41,399.29,487.44,886.73,0.0858,0.0191,0.0491,20180516_1909_03,20180516_1911_41,3,399.28,399.31,399.37,487.32,487.45,487.59,886.60,886.76,886.96
7601862.00,20180516_1911_41,399.52,487.44,886.96,0.1322,0.0178,0.0693,20180516_1909_03,20180516_1911_41,3,399.28,399.43,399.52,487.44,487.51,487.59,886.79,886.94,887.08
7611364.00,20180516_1911_41,399.52,487.44,886.96,0.1181,0.0168,0.0625,20180516_1909_03,20180516_1911_41,3,399.49,399.61,399.83,487.44,487.51,487.59,886.96,887.13,887.34
7620878.00,20180516_1911_41,399.52,487.56,887.08,0.1075,0.0404,0.0706,20180516_1909_04,20180516_1911_41,3,399.49,399.61,399.83,487.51,487.57,487.65,887.08,887.19,887.34
7630404.00,20180516_1911_42,399.95,487.56,887.51,0.2043,0.0382,0.1130,20180516_1909_04,20180516_1911_42,3,399.83,399.92,399.98,487.56,487.60,487.65,887.42,887.52,887.63
7639942.00,20180516_1911_42,399.95,487.56,887.51,0.1883,0.0364,0.1048,20180516_1909_04,20180516_1911_42,3,399.95,399.96,399.98,487.56,487.60,487.65,887.51,887.56,887.63
7649492.00,20180516_1911_42,399.95,487.72,887.67,0.1728,0.0675,0.1149,20180516_1909_04,20180516_1911_42,3,399.95,399.96,399.98,487.59,487.67,487.72,887.54,887.63,887.68
7659054.00,20180516_1911_42,399.96,487.72,887.68,0.1598,0.0641,0.1072,20180516_1909_04,20180516_1911_42,3,399.95,399.96,399.96,487.70,487.71,487.72,887.66,887.67,887.68
7668628.00,20180516_1911_42,399.96,487.72,887.68,0.1441,0.0605,0.0982,20180516_1909_04,20180516_1911_42,3,399.95,399.96,399.96,487.71,487.74,487.79,887.66,887.70,887.75
7678214.00,20180516_1911_42,399.96,487.72,887.68,0.1295,0.0569,0.0896,20180516_1909_04,20180516_1911_42,3,399.95,399.96,399.96,487.71,487.74,487.79,887.66,887.70,887.75
7687811.00,20180516_1911_42,399.96,487.76,887.72,0.1149,0.0615,0.0856,20180516_1909_04,20180516_1911_42,3,399.95,399.96,399.96,487.76,487.78,487.80,887.72,887.74,887.75
7697421.00,20180516_1911_42,400.00,487.76,887.76,0.1103,0.0568,0.0809,20180516_1909_04,20180516_1911_42,3,399.96,400.01,400.07,487.76,487.78,487.80,887.73,887.79,887.87
7707043.00,20180516_1911_42,400.00,487.76,887.76,0.1010,0.0521,0.0741,20180516_1909_04,20180516_1911_42,3,399.96,400.01,400.07,487.76,487.78,487.80,887.73,887.79,887.87
7716677.00,20180516_1911_42,400.00,487.83,887.83,0.0918,0.0617,0.0752,20180516_1909_04,20180516_1911_42,3,400.00,400.06,400.11,487.77,487.82,487.86,887.83,887.88,887.93
7726323.00,20180516_1911_42,400.52,487.83,888.35,0.2122,0.0567,0.1268,20180516_1909_04,20180516_1911_42,3,400.11,400.40,400.57,487.77,487.82,487.86,887.88,888.22,888.43
7735981.00,20180516_1911_42,400.52,487.88,888.40,0.1972,0.0619,0.1229,20180516_1909_04,20180516_1911_42,3,400.11,400.40,400.57,487.85,487.86,487.88,887.96,888.26,888.43
7745651.00,20180516_1911_42,400.52,487.88,888.40,0.1823,0.0564,0.1131,20180516_1909_05,20180516_1911_42,3,400.52,400.54,400.57,487.85,487.87,487.88,888.38,888.41,888.44
7755333.00,20180516_1911_42,400.57,487.88,888.45,0.1797,0.0509,0.1090,20180516_1909_05,20180516_1911_42,3,400.53,400.55,400.57,487.85,487.87,487.88,888.38,888.42,888.45
7765027.00,20180516_1911_43,400.57,487.88,888.45,0.1641,0.0455,0.0990,20180516_1909_05,20180516_1911_43,3,400.53,400.55,400.57,487.86,487.87,487.88,888.39,888.42,888.45
7774733.00,20180516_1911_43,400.56,487.85,888.41,0.1457,0.0339,0.0843,20180516_1909_05,20180516_1911_43,3,400.53,400.55,400.56,487.80,487.84,487.86,888.36,888.39,888.41
7784451.00,20180516_1911_43,400.56,487.85,888.41,0.1298,0.0288,0.0743,20180516_1909_05,20180516_1911_43,3,400.53,400.55,400.56,487.80,487.88,487.98,888.36,888.43,888.51
7794182.00,20180516_1911_43,400.56,487.90,888.46,0.1140,0.0348,0.0705,20180516_1909_05,20180516_1911_43,3,400.53,400.55,400.56,487.80,487.89,487.98,888.36,888.44,888.51
7803925.00,20180516_1911_43,401.10,487.90,889.00,0.2355,0.0301,0.1228,20180516_1909_05,20180516_1911_43,3,400.56,400.79,401.10,487.78,487.89,487.98,888.34,888.68,889.00
7813680.00,20180516_1911_43,401.10,487.90,889.00,0.2158,0.0254,0.1113,20180516_1909_05,20180516_1911_43,3,400.72,400.96,401.10,487.78,487.89,487.98,888.70,888.85,889.00
7823447.00,20180516_1911_43,401.10,487.90,889.00,0.1961,0.0219,0.1005,20180516_1909_05,20180516_1911_43,3,400.72,400.96,401.10,487.78,487.89,488.00,888.72,888.85,889.00
7833226.00,20180516_1911_43,401.10,487.84,888.94,0.1818,0.0061,0.0854,20180516_1909_05,20180516_1911_43,3,401.06,401.14,401.25,487.78,487.87,488.00,888.84,889.01,889.25
7843018.00,20180516_1911_43,401.13,487.84,888.97,0.1749,0.0033,0.0807,20180516_1909_05,20180516_1911_43,3,401.06,401.15,401.25,487.82,487.89,488.00,888.88,889.03,889.25
7852821.00,20180516_1911_43,401.13,487.84,888.97,0.1602,0.0021,0.0734,20180516_1909_05,20180516_1911_43,3,401.11,401.16,401.25,487.82,487.90,488.05,888.93,889.07,889.30
7862637.00,20180516_1911_43,401.13,487.93,889.06,0.1456,0.0193,0.0763,20180516_1909_05,20180516_1911_43,3,401.11,401.18,401.30,487.82,487.93,488.05,888.93,889.11,889.35
7872466.00,20180516_1911_43,401.20,487.93,889.13,0.1484,0.0171,0.0764,20180516_1909_05,20180516_1911_43,3,401.11,401.20,401.30,487.83,487.94,488.05,888.94,889.14,889.35
7882306.00,20180516_1911_43,401.20,487.95,889.15,0.1330,0.0191,0.0705,20180516_1909_06,20180516_1911_43,3,401.13,401.21,401.30,487.83,487.92,487.99,888.96,889.13,889.29
7892159.00,20180516_1911_44,401.20,487.95,889.15,0.1175,0.0171,0.0624,20180516_1909_06,20180516_1911_44,3,401.13,401.20,401.26,487.83,487.92,487.99,888.96,889.12,889.25
7902024.00,20180516_1911_44,401.41,487.95,889.36,0.1548,0.0152,0.0782,20180516_1909_06,20180516_1911_44,3,401.13,401.27,401.41,487.88,487.94,487.99,889.01,889.21,889.36
7911902.00,20180516_1911_44,401.41,487.95,889.36,0.1373,0.0132,0.0692,20180516_1909_06,20180516_1911_44,3,401.26,401.43,401.61,487.88,487.94,488.00,889.26,889.37,889.49
7921792.00,20180516_1911_44,401.41,487.87,889.28,0.1197,0.0044,0.0516,20180516_1909_06,20180516_1911_44,3,401.41,401.61,401.80,487.87,487.92,488.00,889.28,889.52,889.80
7931694.00,20180516_1911_44,401.77,487.87,889.64,0.1981,0.0048,0.0868,20180516_1909_06,20180516_1911_44,3,401.74,401.77,401.80,487.83,487.90,488.00,889.57,889.67,889.80
7941609.00,20180516_1911_44,401.77,487.87,889.64,0.1826,0.0047,0.0799,20180516_1909_06,20180516_1911_44,3,401.74,401.77,401.80,487.83,487.89,487.96,889.57,889.66,889.76
7951536.00,20180516_1911_44,401.77,487.96,889.73,0.1670,0.0138,0.0830,20180516_1909_06,20180516_1911_44,3,401.74,401.79,401.85,487.84,487.92,487.96,889.58,889.71,889.81
7961475.00,20180516_1911_44,401.85,487.96,889.81,0.1720,0.0130,0.0848,20180516_1909_06,20180516_1911_44,3,401.75,401.82,401.85,487.84,487.92,487.96,889.59,889.74,889.81
7971427.00,20180516_1911_44,401.85,487.96,889.81,0.1560,0.0122,0.0772,20180516_1909_06,20180516_1911_44,3,401.75,401.82,401.85,487.84,487.91,487.96,889.59,889.73,889.81
7981391.00,20180516_1911_44,401.85,487.95,889.80,0.1400,0.0090,0.0682,20180516_1909_06,20180516_1911_44,3,401.75,401.81,401.85,487.84,487.91,487.95,889.59,889.72,889.80
7991368.00,20180516_1911_44,401.94,487.95,889.89,0.1463,0.0080,0.0705,20180516_1909_06,20180516_1911_44,3,401.83,401.87,401.94,487.84,487.91,487.95,889.68,889.78,889.89
